929.46185,-54.45026,117.00777
930.18463,-54.020008,115.91022
931.0114,-53.74855,114.83559
931.9264,-53.641075,113.804405
932.9121,-53.699642,112.8364
933.9497,-53.92313,111.95009
935.01935,-54.307266,111.16241
936.1006,-54.8447,110.48841
937.17267,-55.52516,109.941
972.1737,-80.202835,94.08824
973.4004,-81.0787,93.38296
974.50446,-81.88966,92.43803
975.45514,-82.613266,91.27963
976.2263,-83.229485,89.93984
976.79645,-83.72124,88.455765
977.14984,-84.07491,86.8685
977.27673,-84.28071,85.22201
977.1736,-84.33294,83.56188
969.3336,-83.418594,24.107899
968.60895,-83.34597,21.46888
967.1983,-83.21622,19.126236
965.20734,-83.03907,17.25554
962.7853,-82.8278,15.997002
960.1137,-82.598236,15.444943
957.39276,-82.36759,15.640739
954.8265,-82.15315,16.569717
952.6072,-81.970985,18.16225
918.35095,-79.192345,50.706856
918.0841,-79.1775,50.960133
917.8168,-79.1762,51.213356
917.5493,-79.18846,51.46618
917.28217,-79.21425,51.718258
917.0156,-79.25355,51.969254
916.7501,-79.30628,52.218826
916.4859,-79.3724,52.466633
916.2234,-79.451805,52.71234
881.93805,-90.72724,84.771286
881.42084,-90.87127,85.25969
880.9023,-90.963776,85.75897
880.3851,-91.00428,86.26651
879.8719,-90.99255,86.77962
879.3655,-90.92867,87.29561
878.8685,-90.812965,87.811745
878.3836,-90.64604,88.325325
877.9133,-90.42879,88.83364
805.0084,-52.243423,168.4618
804.11743,-51.839603,169.31825
803.1115,-51.500202,170.0688
802.0077,-51.230957,170.70078
800.8245,-51.036427,171.20349
799.5821,-50.91989,171.56847
798.3014,-50.883324,171.7895
797.0041,-50.92734,171.86288
795.71204,-51.0512,171.78737
686.7608,-64.9194,159.06151
686.3685,-64.971436,159.00792
685.9792,-65.027306,158.93912
685.5934,-65.086914,158.85522
685.2117,-65.15017,158.75638
684.8347,-65.21697,158.64273
684.4632,-65.28722,158.51447
684.09753,-65.36079,158.37178
683.73846,-65.43757,158.2149
627.45905,-77.83636,132.28008
624.8088,-78.281166,131.47702
622.01263,-78.490906,131.4104
619.29065,-78.44908,132.08543
616.85693,-78.15897,133.44902
614.9029,-77.64341,135.3939
613.5822,-76.942955,137.76709
612.9989,-76.11269,140.38187
613.1988,-75.21796,143.03256
618.30035,-67.42258,165.44858
618.5293,-66.32222,168.0979
618.0001,-64.94138,170.56677
616.7567,-63.39442,172.65074
614.90204,-61.80946,174.1772
612.58966,-60.317764,175.01971
610.0111,-59.04288,175.10854
607.37994,-58.09039,174.4363
604.9141,-57.539185,173.05865
560.17377,-51.110905,140.23949
559.4294,-51.028946,139.64885
558.7291,-51.003086,139.00182
558.07935,-51.033566,138.30426
557.48596,-51.120102,137.56255
556.95447,-51.26191,136.78342
556.48956,-51.457703,135.97395
556.0955,-51.705692,135.14153
555.77594,-52.003628,134.2937
538.6349,-71.62632,82.32121
538.179,-72.05386,81.20121
537.5737,-72.46545,80.14803
536.8289,-72.854294,79.179
535.95685,-73.21403,78.31006
534.97186,-73.53871,77.5555
533.89014,-73.82301,76.92773
532.72955,-74.062256,76.43708
531.5091,-74.2525,76.09162
454.69916,-84.42006,59.369995
451.79437,-84.49951,59.05488
448.9322,-83.98926,59.356472
446.35712,-82.932884,60.249004
444.2892,-81.42065,61.656227
442.9051,-79.58174,63.457912
442.32303,-77.573265,65.50014
442.59274,-75.56682,67.60842
443.6912,-73.73382,69.602646
462.58148,-52.239616,93.46841
462.95947,-51.83999,93.94976
463.35083,-51.48597,94.45553
463.75342,-51.17945,94.98302
464.16513,-50.92207,95.52941
464.58374,-50.715202,96.09178
465.00702,-50.559956,96.66712
465.4327,-50.457153,97.252365
465.85852,-50.407352,97.84439
501.77515,-48.44801,148.05875
502.59842,-48.449677,149.4044
503.2189,-48.554405,150.85098
503.6212,-48.759583,152.3625
503.7952,-49.060112,153.90132
503.73666,-49.44851,155.42917
503.447,-49.915108,156.908
502.93344,-50.4483,158.30104
502.20874,-51.034813,159.5736
453.98334,-86.61385,229.83542
452.2128,-87.58232,231.75397
449.91827,-88.28793,233.165
447.27777,-88.67599,233.95909
444.4959,-88.7164,234.07469
441.78848,-88.40603,233.50284
439.36536,-87.76894,232.28787
437.41443,-86.85454,230.52399
436.08694,-85.73371,228.34795
413.43286,-57.998108,174.3663
413.1505,-57.660347,173.63786
412.90027,-57.377678,172.87503
412.68393,-57.152153,172.08334
412.50308,-56.985397,171.26852
412.359,-56.878624,170.4365
412.25278,-56.83261,169.59326
412.18518,-56.847683,168.74495
412.15665,-56.923737,167.8977
411.391,-66.09127,95.116905
411.09613,-66.35875,92.820656
410.27594,-66.56816,90.64933
408.9749,-66.70813,88.72086
407.26373,-66.77106,87.13999
405.23532,-66.75352,85.99258
402.99988,-66.65647,85.340935
400.6788,-66.48518,85.220474
398.39816,-66.24896,85.63772
332.56674,-58.3954,105.84288
331.1799,-58.26696,106.376976
329.876,-58.221603,107.10008
328.68408,-58.260345,107.99612
327.6306,-58.382317,109.045135
326.7391,-58.584805,110.22381
326.02933,-58.863308,111.50589
325.51712,-59.211628,112.86287
325.21384,-59.622013,114.26454
315.72806,-80.82692,182.63002
315.02567,-81.588295,185.09479
313.66492,-82.26173,187.29546
311.74304,-82.79909,189.0747
309.39743,-83.16196,190.30536
306.79572,-83.324394,190.89946
304.12393,-83.274796,190.81453
301.57303,-83.01671,190.05664
299.32538,-82.56858,188.67996
213.14337,-60.030853,118.69635
212.80151,-59.95122,118.42428
212.45218,-59.889145,118.15719
212.09605,-59.84475,117.8956
211.73384,-59.81812,117.64002
211.36624,-59.80931,117.390976
210.99399,-59.818336,117.14894
210.61783,-59.845184,116.9144
210.2385,-59.889797,116.68781
118.63009,-72.75725,63.15305
118.16008,-72.8147,62.86425
117.70187,-72.85337,62.55414
117.25689,-72.873146,62.223663
116.82649,-72.87397,61.873844
116.412,-72.855835,61.505756
116.0147,-72.8188,61.120533
115.63581,-72.76298,60.71936
115.27649,-72.68854,60.303467
70.92332,-62.059315,6.592181
69.70524,-61.799202,5.3583975
68.28701,-61.553738,4.3574123
66.71222,-61.33047,3.6199913
65.029274,-61.13626,3.1688004
63.2899,-60.977077,3.0177078
61.547558,-60.857815,3.1713572
59.855797,-60.78214,3.6250248
58.266617,-60.752377,4.364767
26.874859,-60.62064,22.439281
24.927624,-60.78804,23.821234
23.316387,-61.297935,25.516361
22.133465,-62.121117,27.427542
21.446629,-63.210407,29.445272
21.295238,-64.50341,31.453945
21.687965,-65.926025,33.338478
22.602303,-67.39676,34.990887
23.98587,-68.831345,36.316505
36.08344,-79.37211,44.93243
37.04608,-80.13422,45.689137
38.002945,-80.739586,46.582466
38.93413,-81.17562,47.59384
39.820263,-81.43324,48.702217
40.64291,-81.50711,49.884544
41.38496,-81.39567,51.116226
42.030983,-81.10124,52.371643
42.567535,-80.62996,53.62468
62.01738,-57.971153,104.21881
62.600845,-56.962933,106.86564
62.407803,-56.229813,109.65632
61.454395,-55.833103,112.35748
59.82036,-55.80598,114.74324
57.642338,-56.150715,116.614075
55.10247,-56.83847,117.81354
52.413162,-57.811737,118.24132
49.7993,-58.989124,117.86166
20.782423,-73.45993,108.833496
19.385397,-74.14313,108.530205
17.952673,-74.817444,108.47524
16.520218,-75.46596,108.66999
15.123997,-76.072395,109.109566
13.799058,-76.62152,109.78293
12.578662,-77.099556,110.67318
11.493446,-77.4945,111.757965
10.570656,-77.79644,113.01005
-33.47381,-91.15003,183.05826
-34.024033,-91.26778,183.97244
-34.54178,-91.27808,184.91275
-35.02108,-91.18085,185.86835
-35.456413,-90.97717,186.82822
-35.842762,-90.66942,187.78131
-36.175674,-90.26112,188.71661
-36.451313,-89.756996,189.62338
-36.666508,-89.16284,190.49115
-42.937946,-67.462105,219.27586
-43.063652,-65.90128,221.22522
-42.58251,-64.259,223.04822
-41.524597,-62.637924,224.63089
-39.95606,-61.139412,225.8743
-37.974957,-59.85714,226.70071
-35.705143,-58.871284,227.05844
-33.288532,-58.243473,226.92513
-30.876204,-58.01296,226.30911
11.851551,-57.561657,210.97125
12.107279,-57.56222,210.8776
12.361698,-57.569324,210.7807
12.614618,-57.582962,210.68063
12.865852,-57.603127,210.57747
13.115213,-57.6298,210.47127
13.362518,-57.662964,210.36215
13.607582,-57.702595,210.25015
13.8502245,-57.74866,210.13539
99.01325,-75.13386,169.16159
100.31345,-75.37465,168.64644
101.67881,-75.57997,168.31851
103.08182,-75.74568,168.18442
104.49423,-75.868454,168.24684
105.8876,-75.945816,168.50456
107.23388,-75.976204,168.95235
108.50593,-75.95901,169.58122
109.678154,-75.89457,170.37848
196.33235,-69.07413,238.5344
198.35846,-68.812294,240.67538
199.66724,-68.41116,243.29907
200.14407,-67.90587,246.17566
199.74722,-67.34066,249.05325
198.51141,-66.76503,251.67984
196.5449,-66.22939,253.8254
194.01988,-65.78066,255.30202
191.1575,-65.45812,255.98041
90.144905,-56.930283,264.6558
89.49839,-56.895172,264.71967
88.85279,-56.899002,264.8001
88.21083,-56.94175,264.8968
87.575226,-57.02324,265.0093
86.94867,-57.14312,265.13718
86.333824,-57.300888,265.27988
85.73328,-57.49588,265.43674
85.149574,-57.72726,265.60718
15.664249,-87.87856,287.01306
14.360189,-88.33752,287.4409
13.023663,-88.59897,287.93036
11.68266,-88.657455,288.47122
10.365265,-88.51174,289.0522
9.099069,-88.16489,289.661
7.910587,-87.62415,290.285
6.8247085,-86.90086,290.91107
5.8641753,-86.01016,291.52612
-14.004004,-64.41263,305.02267
-15.149513,-63.33774,305.65
-16.479883,-62.39769,306.10553
-17.957048,-61.61937,306.37628
-19.538748,-61.025047,306.45447
-21.179726,-60.63173,306.33786
-22.833033,-60.45067,306.02982
-24.451366,-60.48704,305.53912
-25.988424,-60.739815,304.87985
-95.06823,-77.48261,270.4832
-97.56747,-77.76159,269.47943
-100.18812,-77.44042,268.8789
-102.738045,-76.54266,268.72568
-105.0303,-75.13413,269.03094
-106.89681,-73.318085,269.77234
-108.20075,-71.22768,270.8955
-108.84651,-69.016174,272.3181
-108.78675,-66.845695,273.93585
-107.33234,-59.507122,279.80557
-107.05357,-58.455265,280.75742
-106.66419,-57.5473,281.81296
-106.17235,-56.802204,282.95007
-105.5883,-56.235554,284.14505
-104.92427,-55.85919,285.37286
-104.19414,-55.68098,286.6079
-103.413155,-55.70465,287.8243
-102.59766,-55.929703,288.99667
-41.987995,-79.71018,372.68527
-40.71978,-80.073875,374.13535
-39.194324,-80.275856,375.35007
-37.47026,-80.308365,376.28275
-35.61385,-80.170135,376.89755
-33.696438,-79.8665,377.17084
-31.791718,-79.40912,377.0921
-29.972897,-78.815575,376.66437
-28.309877,-78.10867,375.9041
-0.37382126,-64.61889,359.5015
0.6565566,-64.20256,358.94354
1.7557142,-63.914196,358.43854
2.906654,-63.758266,357.9943
4.091578,-63.73718,357.6177
5.292165,-63.851257,357.31454
6.489848,-64.09874,357.08954
7.66611,-64.4758,356.94614
8.802759,-64.97661,356.8866
42.893867,-82.16916,356.3584
43.71373,-82.538185,356.33817
44.5625,-82.83328,356.3025
45.43331,-83.05205,356.25162
46.31913,-83.192726,356.18604
47.212784,-83.25417,356.1062
48.107044,-83.2359,356.01282
48.994686,-83.13804,355.90662
49.868526,-82.961395,355.78842
154.26414,-56.926216,340.83447
155.8651,-56.551247,340.7408
157.46971,-56.223293,340.91425
159.03445,-55.95125,341.3501
160.5169,-55.742493,342.03653
161.87683,-55.602684,342.95493
163.07736,-55.53562,344.08038
164.08592,-55.543118,345.38235
164.87517,-55.624973,346.82556
193.02858,-60.58843,409.71802
194.21185,-60.77132,411.7044
195.8204,-60.97914,413.36237
197.7677,-61.200703,414.60263
199.949,-61.424095,415.35855
202.24696,-61.6373,415.58942
204.53796,-61.828842,415.28284
206.69876,-61.988422,414.4553
208.61313,-62.107456,413.1513
291.02206,-66.63414,341.75656
292.61533,-66.71756,340.62875
294.39755,-66.80333,339.83264
296.30066,-66.88816,339.39862
298.25204,-66.96882,339.34323
300.1772,-67.04224,339.66864
302.0026,-67.1056,340.3624
303.6586,-67.156494,341.398
305.08197,-67.19297,342.73596
329.0783,-67.72876,370.1764
331.3984,-67.69498,372.13824
334.19083,-67.508484,373.32162
337.19778,-67.186485,373.61728
340.14163,-66.75872,372.9979
342.75058,-66.26468,371.52066
344.78372,-65.749985,369.32196
346.05338,-65.262146,366.60483
346.4423,-64.84621,363.6201
345.06024,-57.662773,304.2714
345.3394,-57.34478,301.70224
346.27725,-57.032604,299.29337
347.81024,-56.747417,297.20813
349.83444,-56.50855,295.58786
352.21262,-56.332195,294.54245
354.7835,-56.230312,294.14273
357.37283,-56.20981,294.41583
359.80505,-56.27207,295.34323
455.14105,-60.534138,346.68408
456.6174,-60.57393,347.65317
457.90445,-60.553658,348.86288
458.962,-60.473957,350.2755
459.7571,-60.337307,351.847
460.2649,-60.14798,353.52826
460.46954,-59.911877,355.26685
460.3647,-59.63637,357.0085
459.95358,-59.330055,358.69894
446.4957,-51.68344,398.22736
446.34677,-51.59887,398.69928
446.2186,-51.52617,399.1792
446.11148,-51.465527,399.66592
446.0257,-51.417095,400.1582
445.9615,-51.380993,400.65482
445.91898,-51.357315,401.15448
445.8983,-51.34612,401.65598
445.89948,-51.347435,402.15802
447.98303,-52.64856,488.40924
447.98718,-52.650406,488.5442
447.9931,-52.65187,488.67908
448.00082,-52.65295,488.81387
448.0103,-52.653652,488.94858
448.0216,-52.65397,489.08313
448.03464,-52.653904,489.2175
448.04947,-52.653458,489.3517
448.06604,-52.652626,489.48572
453.84283,-52.315426,533.749
453.9827,-52.343136,534.6464
454.16623,-52.43975,535.53107
454.39188,-52.60448,536.3956
454.65784,-52.835957,537.2331
454.96185,-53.132275,538.03644
455.30145,-53.490986,538.7991
455.67383,-53.909126,539.5147
456.0759,-54.383247,540.17737
468.7104,-69.60106,559.45233
470.43604,-71.222534,561.2717
472.75745,-72.6884,562.44617
475.4677,-73.86795,562.8709
478.32507,-74.65599,562.5081
481.07477,-74.98227,561.39014
483.4716,-74.81767,559.61664
485.3018,-74.17688,557.34576
486.40222,-73.11704,554.78
495.35605,-57.1767,520.88336
495.529,-56.888184,520.20264
495.69403,-56.6524,519.49994
495.8502,-56.47072,518.7794
495.99658,-56.344177,518.04517
496.13235,-56.273506,517.3014
496.25674,-56.259117,516.5525
496.369,-56.301094,515.8027
496.4685,-56.39919,515.05634
507.79166,-71.750854,424.50232
507.83954,-71.82282,424.04376
507.86887,-71.88378,423.58206
507.87964,-71.93361,423.11823
507.87177,-71.9722,422.65323
507.8453,-71.99945,422.18814
507.80032,-72.01532,421.72397
507.73688,-72.01977,421.2617
507.65515,-72.01278,420.8023
502.69492,-71.31938,395.81393
502.49887,-71.22523,393.95688
502.64227,-71.04734,392.10114
503.12006,-70.791954,390.31158
503.91556,-70.46799,388.6508
505.00095,-70.08677,387.17682
506.33832,-69.66163,385.9412
507.88086,-69.20743,384.98712
509.57468,-68.740036,384.34796
567.0309,-53.35721,368.8088
569.4011,-52.84096,367.84396
571.51215,-52.622715,366.3237
573.22015,-52.71735,364.3516
574.4087,-53.118412,362.06204
574.99677,-53.79857,359.61115
574.9443,-54.711468,357.1659
574.2548,-55.794884,354.89294
572.9754,-56.974983,352.9472
529.3075,-90.86995,304.00253
528.27,-91.62601,302.6378
527.4005,-92.15493,301.06467
526.7295,-92.43814,299.33835
526.2806,-92.4657,297.5195
526.0695,-92.23664,295.67194
526.10364,-91.759,293.8605
526.38184,-91.04955,292.14883
526.8943,-90.13321,290.597
548.41986,-55.319103,240.48744
549.4084,-54.117664,238.8371
550.82367,-53.0002,237.46141
552.59296,-52.024197,236.43118
554.6252,-51.23986,235.79938
556.81586,-50.687546,235.59854
559.0522,-50.395664,235.83896
561.21924,-50.379227,236.5083
563.20544,-50.63908,237.5721
625.55804,-63.865902,279.27124
625.88416,-63.932304,279.49808
626.20264,-63.99155,279.73734
626.51306,-64.04354,279.98865
626.8149,-64.0882,280.2516
627.1076,-64.12545,280.5257
627.39075,-64.15523,280.8106
627.6638,-64.17749,281.10577
627.92645,-64.1922,281.41077
667.2157,-65.86052,328.71796
668.9113,-65.88381,330.3346
670.93304,-65.826195,331.51715
673.1699,-65.69084,332.2007
675.49915,-65.48518,332.34778
677.79285,-65.2205,331.9503
679.9252,-64.91132,331.03
681.779,-64.57463,329.63748
683.2526,-64.2289,327.84915
724.9305,-52.803623,262.89987
726.7183,-52.491913,260.80472
729.01135,-52.384796,259.25107
731.6334,-52.490505,258.35834
734.383,-52.800915,258.19507
737.0489,-53.29218,258.77383
739.4262,-53.92655,260.05017
741.3324,-54.65529,261.92603
742.6209,-55.422405,264.25723
765.1775,-73.77524,324.1373
765.45135,-74.01524,324.97766
765.6506,-74.22876,325.84573
765.77356,-74.414,326.73422
765.81915,-74.56941,327.63565
765.7871,-74.69369,328.54248
765.6776,-74.78578,329.4471
765.4916,-74.84493,330.34195
765.2306,-74.87063,331.21948
738.1025,-75.679756,410.15292
737.4441,-75.67491,411.65823
736.5511,-75.62878,413.0366
735.4476,-75.54259,414.25076
734.1633,-75.41867,415.268
732.73303,-75.260376,416.06088
731.1953,-75.071976,416.6079
729.5916,-74.85856,416.8944
727.9653,-74.62588,416.9126
642.43744,-61.96533,410.76108
642.3016,-61.945084,410.75037
642.16595,-61.9246,410.73776
642.0305,-61.903877,410.72333
641.8953,-61.882923,410.707
641.76044,-61.86174,410.6888
641.6258,-61.840332,410.66876
641.4915,-61.818703,410.64685
641.3576,-61.79686,410.6231
593.2215,-53.896473,401.7397
591.32654,-53.633987,401.5724
589.423,-53.46536,401.76163
587.58105,-53.3968,402.30045
585.86865,-53.430847,403.1689
584.3489,-53.566235,404.33502
583.0779,-53.797977,405.75583
582.1025,-54.11753,407.37885
581.4587,-54.513103,409.1443
566.9391,-67.79055,465.33517
566.63495,-68.38456,467.68848
566.9248,-69.04821,470.0249
567.7914,-69.741776,472.20468
569.1828,-70.423775,474.09738
571.01575,-71.0534,475.58972
573.18066,-71.592964,476.59247
575.548,-72.0102,477.04556
577.97595,-72.28013,476.92194
632.2805,-76.564095,467.62805
632.7835,-76.60013,467.55466
633.2899,-76.629135,467.50604
633.7985,-76.651054,467.4823
634.3079,-76.66582,467.48352
634.8168,-76.67339,467.50967
635.3238,-76.67376,467.5607
635.8277,-76.66692,467.6365
636.3271,-76.652885,467.73685
679.8254,-75.10992,477.5911
680.0238,-75.10265,477.63394
680.223,-75.0949,477.6728
680.423,-75.08666,477.70758
680.6236,-75.07795,477.73834
680.8247,-75.06876,477.765
681.02637,-75.05911,477.78763
681.2284,-75.04898,477.80618
681.4307,-75.0384,477.82065
768.1871,-70.403046,483.1364
770.5862,-70.341934,483.57364
772.81433,-70.4201,484.56357
774.73895,-70.6329,486.0473
776.2454,-70.96766,487.93652
777.24414,-71.40447,490.11884
777.6757,-71.917336,492.46436
777.5144,-72.47574,494.8335
776.7699,-73.04644,497.08533
757.15186,-83.87808,538.21875
756.3427,-84.214676,539.61676
755.3147,-84.45481,540.88477
754.0957,-84.59196,541.98834
752.71906,-84.622375,542.8973
751.2221,-84.545235,543.587
749.6457,-84.36264,544.03864
748.03265,-84.07956,544.23987
746.427,-83.703705,544.1853
616.63214,-49.440434,529.2562
616.0015,-49.2948,529.1774
615.3648,-49.18911,529.0855
614.7246,-49.12382,528.98083
614.0837,-49.099205,528.86383
613.4448,-49.11537,528.735
612.8106,-49.17225,528.59485
612.18384,-49.269592,528.4441
611.56714,-49.40699,528.2832
578.6794,-57.874115,519.3646
576.4024,-58.614494,518.99817
574.2093,-59.63258,519.14166
572.2286,-60.868633,519.7867
570.5766,-62.25014,520.89545
569.3502,-63.696045,522.4029
568.62134,-65.12151,524.2206
568.43286,-66.442924,526.2418
568.7957,-67.58273,528.348
580.10547,-85.87441,565.9362
580.4309,-86.49819,567.4108
580.5479,-86.97725,568.96844
580.4535,-87.29881,570.56757
580.15,-87.45429,572.16547
579.6457,-87.43954,573.7194
578.9539,-87.25494,575.18805
578.09326,-86.905426,576.5321
577.08655,-86.40033,577.7157
517.2957,-54.091797,638.70337
516.8561,-53.86327,639.1777
516.4371,-53.66385,639.68274
516.04047,-53.494465,640.2161
515.66833,-53.35592,640.7753
515.32227,-53.248856,641.3578
515.004,-53.17379,641.9607
514.71497,-53.13107,642.5813
514.4566,-53.120895,643.21655
499.75934,-53.491898,682.0761
498.35864,-53.618645,684.61993
496.30963,-53.936813,686.657
493.78537,-54.41952,688.015
490.9992,-55.025978,688.5794
488.18646,-55.704952,688.30237
485.58487,-56.39907,687.2074
483.41418,-57.049686,685.38696
481.85785,-57.601833,682.9949
449.9967,-70.51354,613.61865
449.5224,-70.69932,612.71185
448.95947,-70.9082,611.86255
448.31396,-71.13794,611.0801
447.59293,-71.38605,610.37274
446.8041,-71.64984,609.7482
445.9561,-71.92646,609.2134
445.05798,-72.21292,608.7739
444.11954,-72.50612,608.4346
394.23712,-87.93759,593.39905
392.579,-88.40837,592.73
391.04163,-88.75892,591.7646
389.67746,-88.97726,590.53577
388.5332,-89.055916,589.0856
387.64795,-88.99221,587.46356
387.05197,-88.788315,585.7253
386.76562,-88.451195,583.93
386.7987,-87.99239,582.1392
395.84097,-63.91793,499.44852
395.95285,-63.624546,498.12936
396.00388,-63.50201,496.77985
395.99313,-63.55257,495.42484
395.9208,-63.775307,494.0892
395.78824,-64.166115,492.79752
395.59784,-64.71781,491.57352
395.35315,-65.42025,490.43973
395.05862,-66.26051,489.417
389.33188,-82.56057,472.0981
388.7249,-83.7502,470.76205
387.80624,-84.77042,469.46442
386.6086,-85.58481,468.25153
385.17477,-86.164314,467.16666
383.5559,-86.48826,466.24854
381.80975,-86.54508,465.5299
379.99866,-86.33275,465.03644
378.18726,-85.85884,464.7857
295.382,-58.110245,458.9743
292.97873,-57.2493,459.12793
290.72552,-56.331066,459.91556
288.76974,-55.41561,461.2857
287.2393,-54.5628,463.14874
286.23428,-53.82842,465.3828
285.82043,-53.260494,467.8418
286.0248,-52.89617,470.36487
286.83405,-52.759277,472.78702
320.8066,-52.173832,544.5528
321.10162,-52.169147,545.24164
321.34427,-52.166164,545.95056
321.53317,-52.164898,546.6757
321.66727,-52.165356,547.41296
321.7458,-52.167534,548.1582
321.7683,-52.17142,548.9072
321.7347,-52.177,549.65576
321.6452,-52.184227,550.3997
309.08203,-53.0457,629.6446
308.79214,-53.087555,630.939
308.34232,-53.18395,632.1839
307.74042,-53.333187,633.35724
306.99707,-53.532635,634.4384
306.1254,-53.778786,635.40845
305.1407,-54.067303,636.2501
304.06033,-54.393097,636.9487
302.90335,-54.750443,637.4919
190.7318,-89.76817,681.0948
190.38882,-89.87012,681.2334
190.04709,-89.961426,681.38214
189.7071,-90.04196,681.5408
189.36937,-90.11162,681.709
189.03436,-90.17028,681.8867
188.7026,-90.21787,682.0735
188.37456,-90.25432,682.2692
188.05072,-90.279564,682.4735
115.249855,-94.72387,729.6691
113.02518,-94.819275,730.7483
110.602684,-94.84841,731.2518
108.13069,-94.80951,731.1488
105.76056,-94.70494,730.4457
103.63741,-94.54111,729.1854
101.891235,-94.32804,727.44525
100.62896,-94.07879,725.3316
99.92786,-93.80862,722.974
84.28628,-83.132484,628.608
84.163925,-82.99635,627.4562
84.17695,-82.84811,626.29944
84.32519,-82.68975,625.15356
84.60662,-82.52345,624.034
85.01741,-82.35146,622.9562
85.55198,-82.17613,621.9346
86.20306,-81.99983,620.98315
86.96178,-81.824974,620.11487
129.47702,-72.71752,576.8927
129.99023,-72.61697,576.40643
130.53746,-72.52785,575.9564
131.11594,-72.450615,575.5449
131.72269,-72.38566,575.174
132.35463,-72.33332,574.8456
133.00854,-72.29385,574.5614
133.68109,-72.26748,574.3228
134.36884,-72.25431,574.1311
230.70975,-71.34796,550.82
232.64902,-71.3324,550.13306
234.40672,-71.32379,549.0638
235.90846,-71.3225,547.6574
237.09064,-71.32859,545.9736
237.90324,-71.3418,544.0835
238.31186,-71.36156,542.06714
238.29921,-71.38704,540.00995
237.8658,-71.41717,537.9989
226.99942,-71.96191,504.6879
226.42441,-71.961685,503.28696
225.64905,-71.91409,501.98703
224.69112,-71.82022,500.81793
223.57257,-71.682205,499.80646
222.31908,-71.50323,498.97583
220.95938,-71.28739,498.34506
219.52464,-71.039635,497.92862
218.04778,-70.765656,497.73608
127.13947,-53.33537,492.92505
126.34511,-53.19314,492.91418
125.549034,-53.070667,492.96536
124.756424,-52.96875,493.07825
123.97245,-52.888054,493.25208
123.20221,-52.8291,493.48578
122.45073,-52.79228,493.7778
121.72289,-52.777824,494.12625
121.02345,-52.78583,494.52884
66.68937,-54.31447,528.60626
64.79942,-54.550278,529.6237
62.853897,-55.144413,530.348
60.943516,-56.06917,530.7454
59.157345,-57.281437,530.7974
57.57867,-58.72468,530.5016
56.281105,-60.331615,529.8717
55.325146,-62.027306,528.9371
54.755367,-63.732693,527.7414
50.694115,-82.40132,513.23114
50.48686,-83.88223,511.88773
50.5506,-85.1525,510.3311
50.88275,-86.16079,508.62408
51.469906,-86.86636,506.83572
52.28833,-87.24071,505.03827
53.304955,-87.26871,503.30435
54.4787,-86.94922,501.70404
55.762135,-86.29515,500.30197
106.33041,-55.155563,451.1881
107.80826,-54.02054,449.26062
108.64899,-52.84407,447.00305
108.79217,-51.710728,444.57767
108.22749,-50.701965,442.15875
106.99557,-49.890285,439.92023
105.18493,-49.33403,438.02292
102.92571,-49.07318,436.60327
100.38031,-49.126488,435.76328
46.12449,-53.48173,424.90005
45.647877,-53.530296,424.81055
45.171715,-53.59942,424.7329
44.697136,-53.688927,424.6674
44.225266,-53.798615,424.61407
43.75723,-53.928215,424.57315
43.294132,-54.077427,424.54468
42.837082,-54.245895,424.52872
42.387154,-54.433212,424.52533
-24.069498,-83.72789,424.95898
-26.65403,-84.82525,425.37686
-29.05685,-85.762024,426.56323
-31.084328,-86.46273,428.42252
-32.573074,-86.8709,430.80487
-33.40312,-86.95364,433.5183
-33.507572,-86.70429,436.34418
-32.878014,-86.14294,439.05475
-31.565178,-85.31481,441.43158
-25.326347,-81.699326,449.66727
-25.294226,-81.68088,449.70947
-25.261875,-81.66262,449.7516
-25.229298,-81.64457,449.7936
-25.196493,-81.62672,449.83557
-25.163464,-81.60906,449.8774
-25.130207,-81.591606,449.91916
-25.096727,-81.574356,449.96082
-25.063026,-81.557304,450.00235
16.781553,-60.579834,501.37143
17.354519,-60.298386,502.1464
17.860088,-60.062244,502.9811
18.293167,-59.87379,503.86713
18.649384,-59.73493,504.7955
18.925152,-59.647053,505.75693
19.117691,-59.611053,506.74167
19.22506,-59.62729,507.7398
19.246174,-59.6956,508.7413
17.431099,-67.40931,590.64404
17.415192,-67.44311,591.0807
17.386826,-67.46229,591.5176
17.346058,-67.46683,591.95386
17.292967,-67.456696,592.38873
17.227652,-67.43194,592.82135
17.150238,-67.39258,593.2509
17.060879,-67.33871,593.6765
16.95974,-67.27042,594.0974
7.7741766,-60.790997,630.01514
7.7640038,-60.783752,630.0553
7.7540026,-60.776485,630.09546
7.744172,-60.769207,630.1357
7.7345133,-60.761906,630.1759
7.725026,-60.75459,630.2162
7.7157106,-60.747253,630.25653
7.706568,-60.7399,630.2969
7.6975975,-60.73253,630.3373
-6.7645907,-48.720932,696.11993
-6.9110665,-48.61463,696.8435
-7.0345755,-48.55804,697.57684
-7.1344304,-48.551468,698.316
-7.2100754,-48.594955,699.0567
-7.2610903,-48.68826,699.7949
-7.2871904,-48.83086,700.52655
-7.2882314,-49.021965,701.2475
-7.2642074,-49.260506,701.95374
-3.398196,-76.976204,775.793
-3.288948,-77.338585,776.8178
-3.0693178,-77.65567,777.8399
-2.741928,-77.92367,778.8471
-2.3106842,-78.1394,779.8274
-1.7807345,-78.30026,780.76904
-1.1584039,-78.40436,781.6608
-0.45111752,-78.45043,782.4921
0.33268166,-78.43794,783.25305
81.84503,-74.27984,855.1681
83.47745,-74.229965,857.00757
84.6174,-74.270004,859.187
85.195915,-74.39752,861.5745
85.177986,-74.604805,864.0256
84.5647,-74.87932,866.3919
83.393166,-75.20444,868.53033
81.73427,-75.56049,870.31146
79.68839,-75.92595,871.62744
40.88872,-82.32458,890.224
40.075478,-82.456726,890.66174
39.305355,-82.577835,891.17426
38.585068,-82.68686,891.75714
37.920876,-82.782845,892.4053
37.318565,-82.86495,893.11304
36.78338,-82.93248,893.8742
36.319973,-82.984825,894.6823
35.932384,-83.021545,895.53015
16.601212,-84.61813,943.5291
15.93447,-84.59648,946.0603
15.91797,-84.37295,948.6683
16.552841,-83.962845,951.1744
17.795584,-83.394264,953.40686
19.561047,-82.70618,955.2128
21.728266,-81.945724,956.4685
24.148748,-81.16501,957.0878
26.656643,-80.41753,957.0284
78.30687,-65.643974,948.71655
79.28462,-65.38342,948.609
80.27659,-65.15684,948.5982
81.2725,-64.96656,948.6843
82.26204,-64.81457,948.86646
83.23496,-64.70243,949.1427
84.1812,-64.63132,949.51013
85.09094,-64.60195,949.9651
85.95479,-64.61464,950.50275
167.57048,-67.89859,1006.73145
168.22932,-67.9501,1007.213
168.85658,-68.050186,1007.72797
169.44806,-68.198166,1008.2729
169.9998,-68.39306,1008.84406
170.50812,-68.63356,1009.4377
170.9696,-68.91805,1010.04987
171.38118,-69.244644,1010.67645
171.74008,-69.61115,1011.31323
182.68613,-82.33605,1032.446
183.52939,-83.10853,1033.7642
184.62334,-83.7631,1034.9558
185.93465,-84.27984,1035.9847
187.4234,-84.643,1036.8195
189.04424,-84.84154,1037.4348
190.74783,-84.86939,1037.8119
192.48228,-84.72572,1037.9393
194.19478,-84.4149,1037.8131
265.49548,-67.83228,1027.1278
268.17303,-67.29013,1026.3275
270.5573,-66.9708,1024.8053
272.45508,-66.90018,1022.6847
273.7126,-67.08397,1020.1374
274.22794,-67.50729,1017.36993
273.95932,-68.13584,1014.6065
272.92853,-68.91868,1012.0711
271.21912,-69.792366,1009.9692
244.78001,-81.595665,985.92676
244.35472,-81.76817,985.5342
243.92857,-81.9064,985.12915
243.50314,-82.00985,984.71313
243.07997,-82.07815,984.28766
242.6606,-82.11103,983.8543
242.24657,-82.1084,983.4146
241.83937,-82.07024,982.9702
241.4405,-81.996704,982.5227
167.46501,-64.89388,898.3598
166.73761,-64.74364,897.435
166.11119,-64.65232,896.4318
165.59454,-64.62123,895.36456
165.19495,-64.6508,894.2481
164.91801,-64.740616,893.0982
164.76767,-64.889404,891.9311
164.746,-65.095085,890.76306
164.85332,-65.35475,889.61066
179.65524,-90.001816,791.2676
179.94865,-90.32177,789.955
180.42479,-90.611984,788.68994
181.07455,-90.866905,787.4966
181.88551,-91.081665,786.39777
182.8422,-91.25215,785.41437
183.92628,-91.37512,784.5653
185.11707,-91.44821,783.86676
186.3918,-91.470024,783.3321
271.82214,-91.20615,754.01855
274.15427,-91.15157,753.51514
276.53552,-91.00479,753.5716
278.83035,-90.77417,754.1847
280.908,-90.47284,755.31946
282.65015,-90.117966,756.9114
283.9576,-89.72975,758.8697
284.7559,-89.330315,761.0829
284.99954,-88.9424,763.425
283.48068,-75.0598,850.95386
283.48102,-74.99697,851.33344
283.49524,-74.92909,851.71185
283.5233,-74.85625,852.0886
283.56512,-74.77856,852.46313
283.62073,-74.69613,852.8348
283.68997,-74.60909,853.2031
283.7728,-74.51757,853.5675
283.86905,-74.42169,853.9275
312.5192,-47.139385,953.47076
312.6715,-47.01329,953.9845
312.83365,-46.915684,954.5014
313.0051,-46.846863,955.01996
313.18536,-46.807034,955.5385
313.3739,-46.796318,956.0556
313.5701,-46.81475,956.5696
313.77344,-46.862274,957.07886
313.98322,-46.93874,957.58203
344.23987,-59.857895,1028.6014
345.1469,-60.290676,1030.3116
346.30624,-60.920383,1031.793
347.67227,-61.722233,1032.9872
349.19122,-62.664677,1033.847
350.80334,-63.710632,1034.339
352.4452,-64.81893,1034.4435
354.0522,-65.94598,1034.1565
355.56104,-67.04741,1033.4894
378.78995,-84.37771,1019.7781
379.51358,-84.86105,1019.3754
380.29007,-85.27124,1018.9904
381.1122,-85.60451,1018.6266
381.9725,-85.85778,1018.28723
382.86304,-86.02873,1017.9755
383.77557,-86.1158,1017.69434
384.70175,-86.11817,1017.44617
385.63306,-86.03583,1017.2334
423.8402,-80.92627,1009.25507
426.05685,-80.62026,1008.50793
428.0359,-80.327446,1007.2577
429.66718,-80.0641,1005.574
430.85992,-79.84489,1003.5504
431.54773,-79.68201,1001.2997
431.69235,-79.58453,998.9471
431.2857,-79.55788,996.6234
430.35046,-79.60353,994.45807
377.80313,-83.20962,903.745
377.51135,-83.22937,903.2036
377.25327,-83.24626,902.64526
377.02994,-83.26024,902.072
376.84213,-83.27123,901.48615
376.69058,-83.27921,900.88983
376.5759,-83.28414,900.2853
376.49847,-83.28601,899.67487
376.45865,-83.284805,899.0608
374.05115,-82.97053,828.5623
374.04684,-82.969055,828.41675
374.04388,-82.96595,828.2711
374.0423,-82.9612,828.12555
374.04202,-82.95481,827.98
374.04312,-82.946785,827.83453
374.04556,-82.937126,827.6892
374.04935,-82.925835,827.54407
374.05447,-82.9129,827.39905
378.04648,-73.45729,727.6757
378.58597,-73.18299,724.82385
379.92883,-72.92748,722.2488
381.96097,-72.712494,720.1694
384.5096,-72.5563,718.76245
387.3582,-72.47215,718.1475
390.26453,-72.46723,718.3769
392.98166,-72.54195,719.431
395.2786,-72.68994,721.22034
473.22052,-79.67791,802.7529
473.9802,-79.7386,803.6459
474.6323,-79.77492,804.6214
475.16776,-79.78636,805.666
475.57928,-79.77276,806.7654
475.8611,-79.734314,807.90436
476.00946,-79.67155,809.0672
476.0222,-79.58533,810.2379
475.8992,-79.47684,811.4003
462.9802,-71.39555,889.601
462.88623,-71.326614,890.3342
462.84552,-71.27069,891.0734
462.85825,-71.22809,891.8146
462.92438,-71.199036,892.55347
463.04352,-71.18371,893.28613
463.215,-71.182175,894.0085
463.4379,-71.19446,894.71655
463.711,-71.220474,895.40643
478.9267,-72.89938,930.1358
479.02875,-72.90869,930.3623
479.13556,-72.914604,930.58673
479.247,-72.91714,930.8089
479.36307,-72.91627,931.0288
479.48364,-72.91201,931.24615
479.60867,-72.904366,931.4609
479.7381,-72.89334,931.67285
479.8718,-72.87893,931.88196
517.5293,-68.41714,989.4387
519.1666,-68.20302,991.362
521.2259,-67.89997,992.8089
523.57477,-67.527466,993.68634
526.06226,-67.109436,993.938
528.5286,-66.672745,993.5477
530.8153,-66.24545,992.5405
532.7753,-65.85502,990.9812
534.28284,-65.526535,988.9699
552.2939,-61.334095,957.22723
552.7091,-61.253254,956.426
553.06384,-61.21796,955.59314
553.35516,-61.22851,954.7353
553.58075,-61.28482,953.8597
553.7388,-61.386417,952.9733
553.8278,-61.53248,952.0836
553.84717,-61.721794,951.1979
553.7968,-61.95282,950.32324
550.25665,-72.391205,914.32263
550.1842,-72.56079,913.65625
550.09717,-72.68558,912.9818
549.9959,-72.76498,912.3025
549.881,-72.7986,911.6215
549.7529,-72.78629,910.94214
549.6123,-72.72811,910.2677
549.45984,-72.62434,909.6014
549.29626,-72.475464,908.9463
526.7377,-49.612473,822.35956
526.5425,-49.392746,821.4426
526.42865,-49.211796,820.5038
526.39716,-49.071297,819.55176
526.4483,-48.97255,818.59534
526.58167,-48.916477,817.6434
526.79596,-48.90359,816.7048
527.08923,-48.934017,815.78815
527.45874,-49.00747,814.90204
569.3413,-58.771008,725.47186
569.4457,-58.798016,725.2512
569.5515,-58.8307,725.032
569.6587,-58.869045,724.8144
569.7672,-58.91302,724.5985
569.8769,-58.96261,724.38446
569.9878,-59.01777,724.17236
570.0998,-59.07848,723.9624
570.21277,-59.144695,723.75464
614.01587,-85.755226,644.0327
615.5857,-86.50888,641.94366
617.6884,-87.20106,640.3638
620.1686,-87.780556,639.41003
622.84265,-88.20452,639.15283
625.5129,-88.44159,639.6113
627.98175,-88.47423,640.7516
630.06665,-88.30002,642.4892
631.6134,-87.931854,644.69574
689.90454,-66.365616,757.3825
690.4675,-66.15595,758.68463
690.84924,-66.01067,760.05927
691.0417,-65.93277,761.47815
691.041,-65.92384,762.9122
690.8473,-65.98407,764.3317
690.46436,-66.11222,765.70776
689.90015,-66.30566,767.01184
689.1663,-66.5604,768.2172
624.8814,-88.970955,858.85315
624.2637,-89.19927,859.8462
623.7684,-89.41065,860.9092
623.4025,-89.602104,862.027
623.1713,-89.7709,863.18365
623.0781,-89.91464,864.3629
623.12415,-90.0313,865.54785
623.3088,-90.11921,866.7218
623.6294,-90.177124,867.868
651.6799,-93.26334,949.49036
652.04565,-93.31021,950.8671
652.21216,-93.34824,952.28217
652.17596,-93.376686,953.7067
651.9378,-93.39494,955.1119
651.5025,-93.40265,956.4691
650.8789,-93.39965,957.75073
650.0797,-93.386,958.93085
649.12115,-93.36199,959.9854
622.55963,-92.61426,985.321
622.2141,-92.594795,985.64325
621.8623,-92.55571,985.9568
621.50494,-92.49709,986.2609
621.14294,-92.419075,986.555
620.7771,-92.32183,986.8383
620.40814,-92.20557,987.1103
620.0369,-92.07056,987.3703
619.6643,-91.91709,987.61774
560.34,-66.06256,1025.941
558.43787,-65.44342,1027.3969
556.7209,-65.31176,1029.1731
555.294,-65.67565,1031.1611
554.2447,-66.51281,1033.2394
553.63715,-67.77201,1035.2804
553.50854,-69.37616,1037.1595
553.86676,-71.22709,1038.7615
554.6899,-73.2115,1039.9884
561.4485,-86.26768,1046.56
562.24225,-87.5273,1047.2822
563.2175,-88.59764,1048.0831
564.34766,-89.44939,1048.9408
565.60175,-90.05923,1049.8317
566.9453,-90.41045,1050.7314
568.3417,-90.49345,1051.6155
569.75256,-90.30594,1052.4596
571.1394,-89.85307,1053.2406
633.1107,-63.37065,1087.009
635.4476,-62.468887,1087.8826
637.97046,-61.674538,1088.0859
640.5018,-61.0435,1087.605
642.8634,-60.620182,1086.4733
644.88916,-60.434372,1084.7706
646.4365,-60.499146,1082.617
647.39655,-60.809948,1080.1636
647.7017,-61.344906,1077.5833
647.25793,-69.790565,1043.2611
647.3196,-70.09511,1042.0547
647.53467,-70.40989,1040.8688
647.89996,-70.73002,1039.7216
648.4097,-71.05053,1038.631
649.05615,-71.36645,1037.614
649.82904,-71.672874,1036.6863
650.71655,-71.96505,1035.8623
651.70483,-72.238434,1035.1548
689.49524,-81.837364,1011.5593
690.0471,-81.958176,1011.2036
690.59375,-82.03898,1010.8289
691.1327,-82.07943,1010.43695
691.66156,-82.07934,1010.0295
692.1779,-82.03871,1009.6083
692.67957,-81.95772,1009.17523
693.1642,-81.83674,1008.7323
693.6297,-81.6763,1008.28143
763.2356,-54.160942,938.83246
764.29315,-53.75441,937.5887
765.1501,-53.449886,936.1732
765.7822,-53.255993,934.62616
766.1716,-53.178223,932.9912
766.3072,-53.218773,931.31476
766.1852,-53.3765,929.64417
765.809,-53.64693,928.02673
765.18933,-54.022415,926.5083
729.7886,-74.44685,856.56793
729.4153,-74.67683,855.7335
729.12164,-74.88992,854.8636
728.9103,-75.08426,853.9658
728.783,-75.258095,853.0482
728.741,-75.40989,852.1189
728.7847,-75.5383,851.18616
728.91364,-75.64219,850.25824
729.12665,-75.72062,849.34344
763.22473,-84.48998,728.0212
763.4008,-84.51563,727.36383
763.5609,-84.497986,726.7021
763.7042,-84.43711,726.0391
763.83014,-84.33329,725.3779
763.938,-84.18702,724.7216
764.02734,-83.99896,724.0732
764.0978,-83.77,723.4357
764.149,-83.50118,722.8121
766.4684,-67.368835,688.3624
767.182,-66.00743,685.5225
768.8605,-64.76319,683.0603
771.3288,-63.765865,681.2326
774.3296,-63.119453,680.2299
777.5499,-62.89136,680.1569
780.654,-63.105373,681.0211
783.31805,-63.739174,682.7325
785.2644,-64.72667,685.1125
815.754,-87.56065,738.25995
815.9933,-87.73439,738.695
816.22003,-87.88786,739.1441
816.43365,-88.02066,739.60614
816.63354,-88.13239,740.07965
816.81915,-88.22277,740.5635
816.9899,-88.29154,741.0562
817.1455,-88.3385,741.5565
817.28534,-88.36353,742.063
859.3114,-92.83765,904.32654
859.50323,-92.840065,905.2027
859.6279,-92.799484,906.08997
859.6846,-92.716225,906.9812
859.6727,-92.59097,907.86926
859.5924,-92.42471,908.74695
859.4443,-92.2188,909.60724
859.22955,-91.97489,910.44324
858.94995,-91.69494,911.24817
828.8139,-62.92135,987.45197
828.32794,-62.56605,988.55316
827.7469,-62.335682,989.6415
827.07996,-62.233864,990.6997
826.33765,-62.262207,991.71124
825.5316,-62.420258,992.66016
824.67456,-62.70553,993.53143
823.78,-63.113533,994.31146
822.86206,-63.637836,994.9878
774.6528,-93.86227,1027.351
773.816,-94.31631,1027.902
772.9336,-94.65867,1028.4625
772.0163,-94.88521,1029.0258
771.07513,-94.993195,1029.5848
770.1215,-94.981316,1030.133
769.167,-94.84971,1030.6637
768.2231,-94.599976,1031.1704
767.3013,-94.23513,1031.647
720.5269,-72.52314,1055.3481
718.74945,-71.530045,1056.5371
717.3753,-70.39742,1058.0825
716.4807,-69.18824,1059.8982
716.1156,-67.96971,1061.8834
716.3001,-66.80958,1063.9277
717.02405,-65.77234,1065.9176
718.24713,-64.91565,1067.7422
719.9014,-64.28715,1069.3003
765.155,-51.957043,1103.5762
766.78156,-51.608486,1104.5847
768.5832,-51.397865,1105.2875
770.49176,-51.33315,1105.6578
772.4351,-51.416786,1105.6818
774.33966,-51.645615,1105.3585
776.1333,-52.01097,1104.7002
777.74817,-52.49903,1103.7317
779.1232,-53.091324,1102.4896
816.94543,-72.57622,1060.7863
818.42334,-73.20566,1059.4695
820.1702,-73.715515,1058.468
822.1107,-74.083786,1057.8252
824.16113,-74.29458,1057.5688
826.233,-74.338806,1057.7097
828.2368,-74.214554,1058.2421
830.0863,-73.92719,1059.1427
831.7016,-73.489105,1060.3728
828.02496,-74.7554,1056.9347
829.7473,-74.264885,1058.2186
831.728,-73.88579,1059.1069
833.87085,-73.636505,1059.5562
836.0718,-73.529144,1059.5448
838.22394,-73.568924,1059.0732
840.22284,-73.753914,1058.1643
841.9714,-74.07513,1056.8624
843.38464,-74.51697,1055.2305
899.0084,-97.08269,974.5401
899.7215,-97.28873,973.5439
900.4781,-97.34723,972.56024
901.26654,-97.25729,971.6044
902.0747,-97.0203,970.69104
902.8901,-96.639915,969.83435
903.7001,-96.122,969.04755
904.49225,-95.47456,968.3427
905.2543,-94.70758,967.7308
938.5841,-57.79202,942.5102
939.57623,-56.787468,941.6602
940.56244,-55.97562,940.6189
941.51587,-55.378525,939.41455
942.4107,-55.012398,938.07996
943.2226,-54.887188,936.65125
943.9295,-55.006287,935.1673
944.5122,-55.36647,933.6684
944.9549,-55.957943,932.19525
961.6197,-87.73116,866.7363
961.8007,-88.13206,865.84845
961.9001,-88.4883,864.92914
961.91693,-88.796394,863.98755
961.85095,-89.053314,863.03284
961.7029,-89.25654,862.0744
961.4741,-89.404076,861.12164
961.16693,-89.49448,860.1839
960.7844,-89.52685,859.27045
936.6255,-89.71145,807.4821
936.5548,-89.710594,807.3304
936.4844,-89.70695,807.17865
936.4142,-89.7005,807.0269
936.3442,-89.69128,806.8751
936.2745,-89.67926,806.7235
936.2051,-89.66446,806.5719
936.1359,-89.64688,806.42053
936.06714,-89.626526,806.26935
891.0605,-75.36894,707.18744
890.60345,-75.1898,705.9762
890.3098,-74.99425,704.7177
890.1845,-74.78564,703.43365
890.22974,-74.567535,702.1458
890.44464,-74.34366,700.8762
890.8257,-74.11783,699.6466
891.3662,-73.89391,698.4779
892.0571,-73.675735,697.3902
947.5243,-58.100307,621.64746
948.67377,-57.69242,619.5976
949.296,-57.267197,617.33453
949.35565,-56.848824,614.98694
948.84924,-56.461113,612.68854
947.80566,-56.126114,610.56995
946.2843,-55.862892,608.7518
944.37164,-55.686424,607.3375
942.1766,-55.60675,606.40753
862.88165,-54.59504,583.3448
861.41766,-54.573765,582.79144
860.058,-54.548687,582.0164
858.83594,-54.520428,581.03876
857.7815,-54.489677,579.8824
856.9205,-54.457188,578.5756
856.2739,-54.42375,577.1505
855.8578,-54.390194,575.64197
855.6821,-54.357338,574.087
853.37964,-52.967545,506.59464
853.5845,-53.156174,503.82703
854.37103,-53.820812,501.24307
855.67834,-54.91004,499.0427
857.40533,-56.339577,497.39615
859.41833,-57.99882,496.43082
861.5616,-59.75939,496.2214
863.6694,-61.485065,496.7841
865.5785,-63.04233,498.07535
892.57117,-85.01047,523.0411
893.266,-85.50525,523.6492
894.02423,-85.91109,524.2472
894.83765,-86.22351,524.8286
895.6973,-86.43911,525.387
896.59375,-86.55551,525.9164
897.5171,-86.57144,526.41077
898.4573,-86.48672,526.8648
899.404,-86.30228,527.27356
938.9333,-76.5412,543.3329
941.648,-75.812935,543.997
944.40375,-74.96354,543.8369
946.97064,-74.06387,542.8659
949.1346,-73.18897,541.165
950.7151,-72.41182,538.87604
951.58026,-71.797226,536.18994
951.658,-71.39648,533.3309
950.94183,-71.24298,530.5372
921.2525,-70.59991,458.06232
920.94293,-70.62364,457.33063
920.6184,-70.70774,456.61
920.2808,-70.85166,455.90494
919.93243,-71.054504,455.21994
919.5754,-71.31499,454.55933
919.212,-71.631454,453.92725
918.8445,-72.001915,453.32773
918.47516,-72.424034,452.76453
901.1607,-93.37925,427.27466
900.3175,-94.23918,426.24832
899.2748,-95.02338,425.35297
898.05865,-95.7122,424.61102
896.6996,-96.2884,424.04108
895.2316,-96.73755,423.65738
893.69147,-97.04841,423.46954
892.11774,-97.21319,423.48227
890.54987,-97.22776,423.69528
841.4159,-95.29764,433.56564
838.85474,-95.06765,433.76852
836.35364,-94.589874,433.3568
834.0789,-93.89611,432.35797
832.18195,-93.0325,430.8384
830.78894,-92.05651,428.89923
829.99255,-91.03308,426.66946
829.8458,-90.030304,424.2975
830.3585,-89.11489,421.94107
854.7394,-64.262596,354.87576
855.0089,-63.978695,354.0282
855.2133,-63.742905,353.14832
855.3509,-63.557278,352.24377
855.4204,-63.42343,351.32245
855.4212,-63.342533,350.39236
855.35333,-63.31529,349.46164
855.21735,-63.34193,348.5384
855.0145,-63.422234,347.63068
829.2332,-75.11514,249.51428
828.9758,-75.29271,248.16554
828.906,-75.50569,246.79929
829.0251,-75.750015,245.44173
829.3308,-76.02099,244.11885
829.8173,-76.31343,242.85605
830.4753,-76.62173,241.6775
831.292,-76.939964,240.60582
832.25195,-77.262054,239.66154
877.2306,-91.3816,201.31693
877.8596,-91.54902,200.75827
878.4734,-91.651794,200.16795
879.06744,-91.68918,199.55031
879.6374,-91.66088,198.90987
880.17896,-91.56712,198.25136
880.6883,-91.40859,197.57962
881.16156,-91.18645,196.8996
881.59534,-90.90233,196.2163
