948.1758,-55.947403,88.63972
897.11334,-91.85225,101.82512
893.5121,-93.93947,103.062996
889.8854,-94.54626,105.34439
886.88617,-93.51836,108.28963
885.0761,-91.048256,111.34718
867.5277,-58.440193,146.98372
866.0745,-55.82797,149.87209
863.815,-54.085636,152.71713
860.69196,-53.677437,155.23015
857.21234,-54.669647,157.00311
853.94116,-56.90118,157.74818
820.0931,-75.928604,168.34114
810.3065,-79.91179,172.32753
807.48956,-82.99036,172.28593
803.97656,-84.95498,173.38773
800.3794,-85.46352,175.44106
797.3244,-84.427414,178.08832
795.3436,-82.0271,180.86852
794.782,-78.68058,183.2975
772.70856,-75.79937,199.59087
761.03094,-71.967674,206.36797
759.979,-71.32514,209.8962
757.7325,-70.43046,212.74585
754.6052,-69.4086,214.51892
751.034,-68.40228,214.96774
747.51764,-67.55208,214.02962
744.5473,-66.97674,211.83559
742.53784,-66.75662,208.6921
696.8044,-54.254745,210.66159
691.52905,-53.00544,209.96808
687.4962,-51.890865,209.78297
683.6986,-51.562836,208.0478
680.8023,-52.078888,205.06694
679.31537,-53.34851,201.36324
679.4986,-55.149,197.58633
655.89996,-70.57031,149.03474
653.7002,-71.38196,152.60295
652.66785,-71.9402,152.46394
651.6226,-72.49168,152.46384
650.57904,-73.02868,152.60265
611.8176,-88.26524,205.91635
611.90106,-84.21097,197.36609
611.4156,-84.04863,197.36438
610.93427,-83.87628,197.3388
610.4583,-83.69437,197.28943
596.6715,-65.52813,168.84573
591.2942,-59.860756,153.42014
591.20294,-56.500126,151.67575
590.53107,-53.982895,148.92673
589.37494,-52.670174,145.56738
587.9004,-52.750263,142.07965
586.319,-54.211678,138.9638
584.85754,-56.84478,136.66685
583.7257,-60.271847,135.51828
584.75226,-54.07858,135.15898
560.1381,-64.98794,91.2554
561.2797,-64.216354,87.62727
561.0985,-64.130066,83.7515
559.622,-64.74214,80.214966
557.0737,-65.95991,77.55316
553.83954,-67.59896,76.16914
550.4092,-69.41112,76.27249
547.3021,-71.12197,77.84754
525.5289,-80.90846,41.917206
523.09644,-81.26743,42.874775
521.09235,-81.73129,42.88623
519.11334,-82.10031,43.309326
517.24316,-82.35888,44.126152
492.94867,-80.352005,79.55449
490.5191,-80.10004,83.335625
489.1656,-79.577,87.34093
489.57776,-78.656395,91.47984
491.6808,-77.50529,95.00123
495.09305,-76.33257,97.26604
519.9507,-66.07444,122.27557
525.6198,-64.3947,129.3816
528.8627,-62.51296,130.98091
531.5637,-61.527275,133.87022
533.27405,-61.601418,137.56946
533.7096,-62.72307,141.46399
532.7979,-64.705864,144.90674
530.6905,-67.22036,147.32568
537.124,-81.35935,198.34933
532.5753,-80.940895,194.43489
531.8856,-81.22247,194.8547
531.1574,-81.49107,195.2137
530.39606,-81.74472,195.50923
488.62247,-83.18416,175.07513
478.91693,-82.718445,171.28609
476.35535,-83.16293,168.06798
472.71967,-83.13033,166.09409
468.63214,-82.626205,165.70226
464.7924,-81.73685,166.95955
461.85757,-80.61447,169.65079
460.33005,-79.45118,173.31534
376.41702,-60.45871,199.05891
379.9402,-62.0965,192.64082
379.42703,-62.068897,192.2016
378.94363,-62.051876,191.72934
378.4922,-62.045513,191.2262
388.461,-72.559586,134.76604
397.9426,-76.67676,112.09578
396.29645,-77.63378,108.75459
396.07364,-78.51774,105.01853
397.30716,-79.19789,101.44011
399.81454,-79.57367,98.54857
403.22498,-79.58948,96.77153
407.0341,-79.24299,96.3718
410.67856,-78.58545,97.40851
458.3211,-86.031425,41.134724
453.5027,-83.123566,41.131966
453.45035,-82.68852,40.330246
453.32495,-82.22247,39.554466
453.1276,-81.72931,38.811096
429.6372,-63.513424,30.770525
418.5967,-58.640137,29.106627
417.0618,-55.348175,28.42837
414.41516,-52.847073,27.801647
411.01813,-51.478302,27.312025
407.33453,-51.428738,27.026354
403.86728,-52.70515,26.983635
401.08972,-55.13327,27.189701
399.3811,-58.381588,27.616415
364.10468,-60.683563,25.355314
358.0727,-62.152626,24.295664
354.36115,-62.77235,24.974976
350.7241,-63.682224,24.223192
347.69333,-64.74922,22.15023
345.71198,-65.81733,19.059183
345.06976,-66.730385,15.401995
345.86053,-67.35487,11.713388
327.50565,-78.74906,-23.945215
320.67215,-80.664734,-35.127174
320.94882,-82.694565,-38.233303
320.0404,-84.04934,-41.577576
318.07272,-84.5415,-44.69699
315.31818,-84.1029,-47.15967
312.15808,-82.794266,-48.624664
309.03003,-80.796776,-48.889145
306.367,-78.38698,-47.916492
277.80273,-72.44852,-71.106155
279.11996,-71.52098,-65.73353
278.42157,-71.06157,-65.35741
277.76666,-70.60264,-64.90938
277.1607,-70.14804,-64.3932
273.77637,-69.179665,-66.835045
278.11386,-57.333755,-0.02477169
279.0947,-53.9798,1.6992822
279.8382,-51.519276,4.6278377
280.23145,-50.325764,8.316238
280.21475,-50.580482,12.204459
279.79065,-52.24476,15.702135
279.02353,-55.0659,18.278198
278.02985,-58.615555,19.541515
280.39835,-50.245693,18.333511
278.37967,-54.219402,82.08354
280.14682,-51.873287,84.6427
281.20978,-50.499878,88.129845
281.40723,-50.3076,92.01577
280.7092,-51.325638,95.71072
279.22162,-53.399494,98.653946
277.17026,-56.214428,100.39877
274.86642,-59.34324,100.6804
263.65137,-76.69437,211.30902
259.698,-75.06773,205.12262
259.0686,-75.090195,205.36342
258.4245,-75.10231,205.56247
257.76862,-75.10402,205.71884
189.20645,-58.24675,147.87424
185.58275,-57.217068,143.56866
182.47322,-56.460854,141.62556
180.30067,-55.81455,138.64581
179.36961,-55.36874,135.04704
179.81056,-55.185917,131.33372
181.5617,-55.291702,128.0263
184.37758,-55.671272,125.588394
204.54665,-54.357803,52.676224
205.62715,-54.52768,47.020863
207.36653,-54.263397,43.709385
207.83792,-54.453373,39.99416
206.97502,-55.070885,36.3976
204.89919,-56.02911,33.425415
201.9023,-57.19331,31.495535
198.40575,-58.399784,30.87932
153.92699,-77.357124,-15.845878
151.9373,-77.91236,-13.9199
150.26529,-78.47924,-13.693653
148.65071,-79.00385,-13.158722
147.14474,-79.46957,-12.332052
143.31212,-80.45621,-7.4716225
121.94603,-83.96655,30.819832
123.40445,-83.92539,34.42177
123.388626,-84.0511,38.305912
121.90094,-84.32469,41.885654
119.16608,-84.70484,44.62036
115.59708,-85.13414,46.097027
111.73294,-85.54775,46.09263
108.157265,-85.88321,44.60783
96.97093,-87.81761,67.67903
73.00835,-88.230934,87.85193
72.545715,-90.188354,91.15526
70.79289,-91.39255,94.38559
68.01207,-91.66338,97.05976
64.61919,-90.96036,98.77777
61.12172,-89.388626,99.282646
58.042816,-87.18328,98.498886
55.842995,-84.67418,96.54371
49.24546,-87.42251,106.03569
-2.0810485,-79.59533,128.35341
-3.2152987,-76.86309,129.80904
-5.369602,-74.90613,131.35814
-8.216905,-74.02153,132.76558
-11.324943,-74.343605,133.81766
-14.2218685,-75.82345,134.35464
-16.467888,-78.236404,134.29504
-17.722021,-81.21614,133.6479
-49.357098,-75.50555,147.73672
-58.699806,-75.54714,152.95471
-62.82299,-75.98384,152.80125
-66.68201,-76.1094,154.32019
-69.61252,-75.90221,157.25005
-71.11005,-75.397934,161.08644
-70.9168,-74.68338,165.16896
-69.06604,-73.88157,168.7948
-87.57589,-69.32259,206.38475
-83.43864,-69.13886,205.77972
-82.752945,-68.93871,206.74791
-81.95388,-68.745155,207.62633
-81.053,-68.56098,208.40227
-89.67842,-68.53634,212.23051
-26.369215,-65.74122,201.82336
-24.920456,-65.50492,203.28015
-23.01932,-65.30888,204.07024
-20.955078,-65.18293,204.0734
-19.041811,-65.14622,203.28915
-17.570637,-65.20433,201.83682
-16.7654,-65.34844,199.93741
-16.748621,-65.55661,197.8799
48.7391,-62.89937,184.81248
55.67028,-62.95334,183.90564
59.04277,-62.567142,181.98105
62.90707,-62.587124,181.43909
66.67477,-63.01024,182.36232
69.772156,-63.77206,184.61015
71.72761,-64.756584,187.8403
72.243355,-65.8139,191.56091
139.54395,-85.43846,251.4488
131.30576,-83.23569,250.55107
131.1553,-83.224724,251.10957
130.97392,-83.205185,251.65857
130.76222,-83.17713,252.19623
67.75113,-67.4686,267.71356
47.611816,-64.63953,273.70038
44.80121,-62.366432,272.45267
41.31654,-60.79958,272.29367
37.66738,-60.168083,273.24658
34.38736,-60.5643,275.17212
31.956116,-61.930283,277.7887
30.729176,-64.066284,280.71365
30.885963,-66.65994,283.5193
-31.031097,-75.36894,321.2314
-32.19283,-74.331856,318.04874
-33.536346,-74.20947,317.68167
-34.812767,-74.03048,317.13992
-35.99714,-73.79837,316.4341
-49.51992,-59.36724,272.1282
-51.22479,-58.86759,269.13232
-53.694153,-59.00012,266.69754
-56.689175,-59.7834,265.12915
-59.849155,-61.123104,264.61606
-113.03597,-90.88455,272.0223
-111.5709,-91.02571,275.0779
-112.086,-91.64992,276.28864
-112.42166,-92.20813,277.59116
-112.57077,-92.6885,278.95786
-115.867035,-93.955284,277.45575
-100.139595,-93.66123,309.61264
-96.42939,-93.034546,310.54453
-93.3254,-92.63657,312.83224
-91.29405,-92.5271,316.132
-90.640594,-92.72258,319.94797
-91.46322,-93.19365,323.7067
-93.63831,-93.86951,326.8434
-96.839035,-94.648605,328.88675
-85.02997,-94.67204,355.9481
-83.02117,-94.9551,362.57446
-83.42239,-95.247185,366.43866
-82.31717,-95.408745,370.17105
-79.87324,-95.41526,373.2051
-76.46156,-95.26574,375.08032
-72.59996,-94.98288,375.51205
-68.87457,-94.60961,374.43478
-40.19746,-93.2699,388.96332
-34.238647,-92.6143,390.45294
-31.013275,-92.7631,392.47226
-27.316841,-92.301216,393.26337
-23.685436,-91.29563,392.71155
-20.645714,-89.89219,390.89682
-18.63852,-88.294426,388.08237
-17.954952,-86.73406,384.67636
10.581038,-71.893074,363.62805
18.973116,-68.51727,358.2964
20.501308,-66.30775,355.1461
23.45485,-64.717094,352.7195
27.327448,-64.01799,351.43265
31.455273,-64.33026,351.50604
35.130737,-65.600395,352.92715
37.723797,-67.61065,355.4524
116.54526,-72.27721,355.08255
104.76062,-71.22795,360.52853
104.87462,-71.24198,360.83646
104.97848,-71.255104,361.14798
105.07209,-71.267296,361.46277
94.71773,-70.47405,378.19583
49.694305,-68.45922,416.1619
49.570866,-67.45742,417.37857
48.92428,-66.777435,418.65085
47.852955,-66.522766,419.78513
46.51993,-66.73216,420.60873
45.128086,-67.373764,420.99634
43.889244,-68.349915,420.889
42.991936,-69.51206,420.303
2.5538216,-68.43351,453.58612
6.1945324,-70.13105,454.98987
6.1678734,-70.61036,456.0737
6.2768784,-71.12067,457.13806
6.5200157,-71.65479,458.168
40.224483,-89.43435,475.75644
48.28708,-92.25327,477.99
50.77951,-94.51252,480.24667
54.327988,-96.00225,481.51077
58.350235,-96.47801,481.57492
62.18625,-95.86173,480.42856
65.20658,-94.25454,478.2598
66.91562,-91.920166,475.42453
104.86989,-86.639275,465.00385
111.032906,-85.11613,463.67755
114.23649,-84.60092,461.61157
117.90159,-83.68121,460.89203
121.48589,-82.4931,461.6253
124.459045,-81.21237,463.70297
126.38113,-80.028534,466.81757
126.967735,-79.11676,470.50824
157.93993,-64.90662,496.4747
171.58365,-61.663563,509.88623
173.14133,-58.521667,511.37445
175.41618,-56.413277,513.5863
178.0781,-55.64437,516.2008
180.74074,-56.326538,518.8385
183.0177,-58.36078,521.11664
184.57854,-61.45187,522.7046
185.19673,-65.151215,523.3719
226.7538,-77.20999,564.56177
228.86545,-76.71953,562.5324
230.52484,-76.8477,562.4
232.14748,-76.88087,562.0081
233.68808,-76.818115,561.3677
261.9739,-62.715694,512.7371
263.94238,-61.624958,508.8993
265.53296,-60.717884,505.48425
265.77362,-60.30771,501.6386
264.62823,-60.456017,497.9398
262.26883,-61.140545,494.94318
259.04962,-62.25851,493.09872
217.30577,-74.68728,443.95782
212.98428,-76.339226,437.12418
209.57658,-77.03409,435.12524
207.2606,-77.8323,431.94873
206.40903,-78.60541,428.1058
207.15887,-79.22902,424.2148
209.38947,-79.60278,420.90186
212.74191,-79.666565,418.7
231.59846,-91.93509,339.8907
233.20842,-92.57875,335.0892
234.31712,-93.17403,331.19373
236.81187,-93.08844,327.9492
240.2746,-92.33635,325.89926
244.12502,-91.043785,325.38754
247.71783,-89.42736,326.49973
340.88403,-58.770317,311.72177
337.0318,-59.886364,316.84314
337.48727,-59.70871,317.46265
337.8946,-59.546024,318.11874
338.25122,-59.39933,318.8073
311.6905,-65.95013,384.79184
309.01807,-67.26137,395.86966
306.06973,-67.54089,398.04526
304.11273,-67.91735,401.1327
303.4113,-68.339905,404.71506
304.06015,-68.751495,408.3086
305.9717,-69.09654,411.42804
308.8878,-69.32845,413.65213
312.41464,-69.41591,414.6805
316.94403,-71.98982,437.18976
344.01318,-79.35209,486.63364
342.6417,-78.66944,490.21313
342.66934,-78.481636,494.10202
344.09192,-78.81713,497.71082
346.69376,-79.62508,500.49243
350.08047,-80.78299,502.02512
353.7386,-82.11533,502.0766
357.1136,-83.42013,500.63904
381.861,-90.33747,542.17615
384.41232,-90.3277,541.5621
386.54355,-90.46015,541.69226
388.65903,-90.49419,541.3758
390.66196,-90.42824,540.6272
413.2685,-85.16163,511.4929
416.85953,-83.7541,504.50647
420.0345,-83.43801,502.10944
422.02008,-82.774086,498.71198
422.5001,-81.868065,494.85522
421.39807,-80.86424,491.15335
418.88956,-79.922485,488.19592
415.37402,-79.19277,486.45395
402.2101,-67.833885,444.80765
400.5245,-66.705376,438.92685
398.54153,-65.34876,435.96487
397.6103,-64.72821,432.31882
397.86627,-64.93398,428.51904
399.2722,-65.93615,425.1183
401.62357,-67.588936,422.61124
404.57837,-69.65193,421.36255
429.72266,-87.47166,374.68774
437.2253,-91.065636,359.01627
439.43097,-93.84586,357.67822
441.5025,-95.79799,355.17166
443.1419,-96.6412,351.85712
444.11334,-96.25421,348.21136
444.2771,-94.69268,344.75888
443.60962,-92.18124,341.99628
442.20688,-89.08115,340.32095
459.8186,-75.85541,262.44794
463.48328,-77.86913,267.99738
464.16855,-77.90014,267.73138
464.87006,-77.94661,267.51465
465.58408,-78.00829,267.34833
501.70996,-90.709175,295.0774
512.83875,-92.40148,306.3591
515.02527,-95.20402,307.6139
517.6209,-96.94562,309.72076
520.25684,-97.37879,312.38037
522.5586,-96.442,315.21475
524.19904,-94.26836,317.8212
524.9451,-91.16672,319.82935
524.6908,-87.57781,320.95386
553.6304,-73.20281,357.60156
552.00055,-73.61631,359.74924
551.6687,-73.44097,361.5946
551.0317,-73.430695,363.3667
550.11206,-73.58583,365.0027
526.78436,-82.82098,377.74548
514.83453,-85.76581,385.3135
512.0992,-88.32293,385.2396
508.96475,-90.10006,386.261
505.8708,-90.847946,388.2344
503.2513,-90.46168,390.8831
501.47372,-88.99544,393.83548
500.78735,-86.654884,396.6775
501.28848,-83.76831,399.01047
472.9957,-77.526764,429.60352
470.23636,-76.443726,433.96085
467.72052,-75.27223,436.3609
466.0773,-74.70166,439.59146
465.52792,-74.808815,443.21762
466.14636,-75.57928,446.7512
467.84933,-76.909325,449.7165
470.40762,-78.6199,451.71432
484.62717,-91.808304,494.27426
486.76022,-87.62123,486.44812
487.27505,-87.51982,486.5561
487.79202,-87.40604,486.63824
488.30972,-87.2802,486.69437
508.47852,-71.32706,464.61066
518.63306,-65.19408,453.40198
518.39374,-62.609745,450.66074
519.5108,-60.439762,447.78082
521.82513,-58.993355,445.1727
525.0069,-58.47665,443.20798
528.6026,-58.963276,442.1667
532.1,-60.38389,442.1972
535.00055,-62.53604,443.29517
521.4163,-58.555157,444.86942
567.1005,-56.3133,420.94684
568.8659,-56.965317,421.69324
570.85406,-57.345417,421.7326
572.7626,-57.395798,421.05902
574.3012,-57.10879,419.77487
575.23596,-56.52805,418.07553
575.4246,-55.741905,416.21942
574.8385,-54.86992,414.48886
616.2759,-52.197315,391.34436
619.694,-51.808464,388.96347
622.35486,-52.044483,385.92114
623.7385,-53.106102,382.2673
623.6181,-54.8193,378.60086
622.0133,-56.903248,375.5229
608.4518,-79.962425,337.4884
604.51624,-83.75079,328.36697
604.0676,-86.96035,325.7809
602.76715,-88.92558,322.36966
600.8384,-89.308685,318.71957
598.6128,-88.04379,315.45816
596.473,-85.348335,313.146
594.7869,-81.68568,312.18057
564.4107,-67.14962,266.14725
572.73627,-67.94039,269.5397
573.0079,-67.705025,269.13217
573.3045,-67.47445,268.7396
573.62524,-67.24933,268.36316
624.6682,-63.107815,271.32416
633.4789,-62.615612,274.0639
637.4694,-62.596767,273.23422
641.45715,-62.41504,274.05786
644.7795,-62.100613,276.39795
646.8846,-61.705727,279.86578
647.4227,-61.295982,283.8852
646.30444,-60.939453,287.78845
678.8303,-54.899963,340.7416
680.56757,-57.38537,336.43198
681.4478,-57.758972,336.61465
682.3274,-58.16552,336.70844
683.198,-58.60116,336.7125
716.8036,-93.76007,287.86166
719.11487,-94.45895,289.23618
720.72327,-95.31719,289.1712
722.36285,-96.07648,289.42245
723.979,-96.71154,289.9815
756.1869,-98.66087,330.5294
758.87134,-98.589676,334.95544
761.4463,-98.84174,337.53287
762.9919,-98.655716,340.8364
763.302,-98.056404,344.4255
762.3353,-97.12375,347.82147
760.2207,-95.982124,350.57138
757.2402,-94.78379,352.3085
744.16754,-85.486206,380.97266
734.9327,-82.12522,392.49924
735.24414,-80.445274,395.8456
734.18207,-79.091515,399.18576
731.8965,-78.25506,402.04822
728.7099,-78.05399,404.0288
725.0723,-78.5167,404.848
721.4972,-79.577866,404.39008
718.4892,-81.08767,402.71973
732.3628,-77.92617,402.50464
679.49304,-81.85093,426.4868
677.96857,-80.73871,426.04584
676.1492,-80.07736,426.13513
674.31165,-79.96752,426.74106
672.73566,-80.42589,427.77142
671.66095,-81.38274,429.0695
671.251,-82.69247,430.4377
671.5682,-84.15582,431.66797
621.20276,-89.16698,455.69
623.3029,-88.71037,458.20776
623.04095,-88.722435,459.67496
622.9961,-88.69329,461.16443
623.16943,-88.62357,462.64313
652.8341,-82.361916,490.75455
656.73376,-81.516556,494.46057
659.9714,-80.8563,497.02618
661.8679,-80.29199,500.712
662.09143,-79.9224,504.873
660.6028,-79.812195,508.78098
657.6626,-79.98067,511.752
641.10895,-77.83381,566.538
643.42914,-76.97206,567.7592
644.2824,-76.502945,569.3254
645.40546,-75.98022,570.6915
646.76013,-75.42165,571.8113
715.6191,-54.618874,573.0336
705.5931,-56.799793,578.77386
705.73047,-56.70913,579.11847
705.85486,-56.621563,579.46875
705.966,-56.537212,579.8243
656.0836,-62.990402,639.0129
642.82404,-64.99188,648.5793
642.1645,-65.089355,652.297
640.18866,-65.38646,655.50226
637.1783,-65.84081,657.7378
633.563,-66.387596,658.6847
629.85846,-66.94881,658.2078
626.59314,-67.44438,656.37524
624.2329,-67.80362,653.44836
555.7399,-78.16627,665.67175
554.7955,-77.75198,663.17896
553.35803,-77.665245,661.9003
552.1883,-77.49102,660.38043
551.3297,-77.23577,658.6757
548.44666,-79.27011,666.32623
564.5372,-65.184555,601.86646
562.49286,-63.807343,599.5248
561.5663,-62.589333,596.4888
561.89813,-61.715614,593.21985
563.438,-61.31895,590.21466
565.9519,-61.459618,587.93
569.05786,-62.116245,586.7129
572.28394,-63.18905,586.7484
586.8206,-51.998272,533.61664
588.3012,-51.426506,530.05444
589.3202,-51.14117,526.5906
589.2479,-51.571846,522.9951
588.0939,-52.662033,519.7397
586.00946,-54.268726,517.2514
583.26807,-56.181152,515.85657
556.737,-75.923775,490.80734
554.5078,-76.44829,492.1304
552.6258,-77.16368,492.4389
550.7948,-77.727776,493.13034
549.0907,-78.11717,494.17606
533.1146,-75.430534,522.779
527.12634,-74.50975,530.8489
526.722,-74.05172,534.92456
524.698,-73.646385,538.4916
521.39813,-73.36259,540.9441
517.3829,-73.248535,541.86554
513.33417,-73.3236,541.0995
509.9397,-73.57502,538.77594
462.86078,-71.94736,552.1704
465.86627,-73.6396,555.20056
465.39337,-74.00862,556.13055
465.03333,-74.40682,557.0983
464.79047,-74.82934,558.0919
486.43887,-91.011955,588.7612
489.07425,-92.7205,591.9366
491.06168,-93.61343,595.5717
491.9281,-93.19203,599.69885
491.51788,-91.532005,603.5767
489.90472,-88.93151,606.5087
477.80313,-64.67872,643.38324
475.65085,-63.211533,644.73035
473.3452,-61.889324,645.7285
470.72275,-60.847206,646.04047
467.99487,-60.16919,645.64105
475.43442,-60.04225,650.25385
413.26642,-58.800926,619.7051
412.7318,-59.035496,616.7458
411.10495,-59.161026,614.20886
408.63318,-59.158432,612.4801
405.69235,-59.02811,611.8223
402.72952,-58.78987,612.3355
400.19528,-58.479942,613.94165
398.47485,-58.145447,616.39655
330.8203,-56.43989,587.0517
324.0285,-56.321915,585.8692
320.7507,-56.08955,583.7831
316.91983,-56.020893,583.09784
313.11624,-56.126347,583.91736
309.9162,-56.38993,586.1174
307.80447,-56.77172,589.3647
307.10104,-57.213867,593.16724
240.14159,-63.976635,649.97705
237.14864,-64.28432,652.6085
233.58127,-64.39794,654.2046
229.67613,-64.25617,654.33185
226.03018,-63.88067,652.9708
223.20073,-63.328842,650.3296
179.25893,-55.718468,615.15125
156.33167,-55.04114,594.04224
153.5671,-52.408424,593.4254
150.48524,-50.781914,591.7487
147.54701,-50.40485,589.26294
145.19179,-51.333622,586.3398
143.77177,-53.429337,583.4164
143.49934,-56.378586,580.93
144.41524,-59.740326,579.2524
115.70872,-65.082275,548.14307
106.52811,-68.025764,540.10516
106.148,-69.259895,536.633
104.45255,-70.375565,533.53394
101.67443,-71.21964,531.2332
98.1949,-71.676315,530.0467
94.49147,-71.68289,530.1371
91.07239,-71.23849,531.49207
88.40688,-70.404076,533.92566
47.13613,-74.36027,523.9739
39.674164,-75.149086,524.14954
36.010086,-74.95651,522.6836
32.076294,-75.32495,522.6493
28.48692,-76.19689,524.05206
25.802322,-77.43621,526.67285
24.441608,-78.84943,530.1026
24.61721,-80.21591,533.8057
2.423149,-90.57782,555.7835
5.557044,-88.57365,557.0377
5.7415237,-88.40106,558.2866
6.0601892,-88.1471,559.49396
6.5078664,-87.81588,560.64
57.59025,-55.06857,582.79004
59.673306,-54.268906,584.91754
61.394432,-53.885696,587.3761
62.519478,-54.10758,590.17584
62.945457,-54.91424,593.06055
53.400604,-81.87993,642.1453
54.724125,-82.276085,644.52075
55.96076,-82.645966,646.7396
57.658504,-82.6478,648.66504
59.70549,-82.281456,650.1701
113.9577,-59.57886,661.2758
118.67847,-57.93876,662.60284
121.893616,-56.22262,662.81744
125.21043,-55.343582,664.0643
128.18681,-55.41881,666.17706
130.42609,-56.438282,668.8742
131.62976,-58.266113,671.7963
131.63744,-60.65868,674.55383
168.6257,-91.82796,735.59
170.66046,-93.855484,740.2863
172.74231,-95.64293,742.7828
173.87677,-96.86004,746.0984
173.90773,-97.33931,749.7768
172.83092,-97.01479,753.3118
170.79453,-95.931145,756.21704
168.0788,-94.23749,758.09265
133.4408,-78.88324,832.2679
131.75407,-79.76288,824.6372
131.12167,-79.660706,824.64856
130.48889,-79.56458,824.61926
129.85834,-79.47491,824.5495
112.70994,-80.385956,800.37756
100.92346,-78.46056,779.8648
100.34351,-80.9209,776.9744
99.03338,-82.196205,773.59784
97.18623,-82.09844,770.233
95.07442,-80.64203,767.3759
93.00929,-78.041695,765.4478
91.29534,-74.68083,764.73303
90.185265,-71.05496,765.337
62.441128,-53.7675,726.4424
64.86107,-60.52727,739.37646
64.6034,-60.507114,739.4533
64.34742,-60.490322,739.5363
64.09332,-60.47691,739.62555
52.830208,-77.87944,780.98346
52.016533,-84.769585,803.4441
50.342823,-87.75816,805.1766
49.300713,-90.07201,808.0566
49.043755,-91.37018,811.6598
49.609806,-91.46141,815.4553
50.915466,-90.332245,818.8838
52.768353,-88.14907,821.4402
54.89545,-85.23357,822.74774
58.84422,-88.91284,861.3234
59.26987,-87.321304,877.9372
61.922913,-87.64179,880.6106
63.434326,-87.62727,884.07526
63.588158,-87.279816,887.8361
62.362427,-86.64907,891.35583
59.932266,-85.825165,894.1314
56.644917,-84.92582,895.76636
52.970085,-84.07954,896.02704
52.732376,-82.70135,909.0813
39.265293,-80.45354,936.95776
37.302326,-77.53734,938.56854
35.28479,-75.64323,941.2693
33.514347,-75.05441,944.6561
32.25572,-75.85893,948.2228
31.69709,-77.93649,951.4358
31.921991,-80.976456,953.8149
32.896793,-84.52429,955.0043
26.62476,-80.25023,964.9296
19.506851,-83.284645,990.1837
17.997698,-86.2854,992.0697
16.5817,-88.281975,995.0442
15.468975,-88.9781,998.6658
14.82464,-88.270485,1002.39716
14.744307,-86.26412,1005.6845
15.239895,-83.256744,1008.04016
16.237865,-79.6946,1009.11444
6.2483478,-73.186195,1060.3986
11.827406,-72.361176,1052.9893
12.192332,-72.059044,1053.2096
12.570683,-71.75701,1053.4062
12.961424,-71.45592,1053.5785
39.40318,-61.016327,1037.0111
47.77423,-60.170135,1028.7008
50.42293,-57.853676,1027.6058
53.22146,-56.535866,1025.6028
55.789753,-56.395668,1022.96375
57.779026,-57.45212,1020.047
58.91913,-59.561752,1017.2488
59.055218,-62.438065,1014.949
58.16882,-65.69044,1013.46
77.651146,-80.925476,981.2332
81.493195,-83.678345,974.6301
82.426414,-86.49228,971.9425
84.21446,-88.0605,968.7245
86.57104,-88.13191,965.4913
89.11879,-86.69507,962.7606
91.44978,-83.98006,960.96967
93.190765,-80.42159,960.40533
130.17456,-58.02024,921.54596
133.19603,-55.993477,918.6888
135.80751,-54.276054,916.2879
139.32562,-52.975548,915.07745
143.20387,-52.29397,915.2455
146.83983,-52.337193,916.76587
149.6687,-53.098503,919.40247
209.39139,-54.335457,945.4282
209.72792,-55.19225,941.96533
210.92563,-55.505104,941.3468
212.01976,-55.84068,940.5688
212.98933,-56.19255,939.6463
215.61285,-68.59821,888.15436
219.41425,-73.95753,862.97406
216.97087,-74.972984,860.17664
215.81416,-75.9729,856.64264
216.11565,-76.80903,852.8961
217.83061,-77.35739,849.49243
220.70477,-77.53669,846.93634
224.31201,-77.320335,845.60675
228.11748,-76.74041,845.70087
252.09592,-85.785515,792.2466
268.07428,-85.6222,766.3635
269.16382,-88.53022,764.0622
270.83188,-90.26573,761.0381
272.82928,-90.56944,757.743
274.85764,-89.395996,754.6691
276.61386,-86.92069,752.27576
277.83563,-83.513336,750.9205
278.3404,-79.682976,750.80566
330.8739,-52.065563,670.6836
331.05502,-55.74229,680.1162
331.52032,-55.72615,680.1721
331.98294,-55.718155,680.24835
332.44186,-55.71832,680.3446
363.1817,-83.162704,756.89105
364.47092,-84.779106,763.06635
366.226,-86.487144,766.0367
366.94034,-87.405235,769.70654
366.50797,-87.3973,773.532
364.993,-86.46453,776.946
362.61996,-84.74516,779.4427
359.7406,-82.49402,780.652
318.7168,-55.399067,852.8307
316.78677,-54.101215,856.02795
315.32727,-53.069183,859.21094
314.98016,-52.6353,862.8189
315.79172,-52.857376,866.37115
317.6538,-53.705822,869.3942
320.31827,-55.06757,871.4853
328.07697,-58.695663,882.67645
366.4051,-72.72753,925.4813
365.85144,-75.01169,928.2776
366.63516,-76.876396,931.3192
368.63733,-78.03868,934.1447
371.55414,-78.32217,936.32526
374.94296,-77.683846,937.52997
378.28955,-76.22057,937.5761
381.08606,-74.154396,936.45654
415.622,-85.19887,972.8307
417.41913,-85.47739,970.5005
419.04834,-85.72656,970.18195
420.60184,-85.96469,969.59216
422.03586,-86.18506,968.7478
432.47336,-87.82278,944.3731
433.9968,-88.27697,933.3158
436.68716,-88.533646,930.83966
438.304,-88.74531,927.5569
438.63004,-88.883514,923.90857
437.6215,-88.9297,920.3849
435.41388,-88.87767,917.4593
432.30377,-88.7344,915.52484
428.70905,-88.519135,914.8414
408.60663,-88.62322,870.1342
406.33032,-88.495125,864.7615
403.86264,-88.5729,861.9241
402.60602,-88.46032,858.38086
402.73825,-88.17332,854.633
404.2406,-87.75248,851.2107
406.90057,-87.257355,848.5981
410.34186,-86.75798,847.1648
438.5499,-80.16782,800.98956
442.4012,-79.32135,792.81586
445.6342,-78.60203,790.4571
447.68408,-78.1498,786.97473
448.2119,-78.039444,782.9445
447.1305,-78.2892,779.0328
444.61856,-78.85777,775.8863
441.09143,-79.65116,774.02527
420.99286,-84.28766,704.0161
427.3355,-84.581985,707.7695
427.78717,-84.69719,707.262
428.2732,-84.81247,706.7874
428.7912,-84.927284,706.34784
481.41248,-89.773674,717.72174
486.7646,-90.222595,720.0864
490.502,-90.51914,720.4402
493.84253,-90.80247,722.15533
496.3125,-91.03237,724.98865
497.56158,-91.17627,728.5383
497.4127,-91.213745,732.301
495.8869,-91.13948,735.7431
504.46826,-92.2907,772.59265
504.71985,-90.84567,785.6985
506.54382,-92.26647,788.61224
507.53384,-92.78366,792.16016
507.55295,-92.32568,795.8514
506.5985,-90.95589,799.17523
504.80255,-88.86381,801.6719
502.41354,-86.33888,802.99585
499.76202,-83.730446,802.9639
481.68927,-59.974636,849.01495
479.21683,-56.23626,856.8215
476.78302,-53.831,859.0097
475.39716,-51.976414,862.3469
475.28787,-50.978447,866.28253
476.47318,-51.001736,870.16736
478.75754,-52.04244,873.3604
481.76413,-53.928867,875.335
488.0654,-52.641094,902.0737
491.53632,-55.16084,918.91693
494.31992,-54.123947,921.2685
496.26285,-53.8383,924.5083
497.08627,-54.344894,928.17145
496.672,-55.571014,931.73206
495.0795,-57.34068,934.67914
492.53732,-59.399883,936.5897
489.41034,-61.453064,937.18945
484.73376,-74.9462,976.1142
486.51108,-75.55039,977.95844
487.68863,-76.20222,979.7896
489.27264,-76.70241,981.3405
491.1813,-77.02512,982.53107
530.1982,-74.55729,984.91156
534.49994,-74.23502,985.0503
538.47815,-73.54534,984.1322
541.6705,-72.38196,981.7658
543.5297,-70.94433,978.3569
543.7371,-69.47892,974.48987
550.77075,-57.07859,942.9939
551.745,-55.465736,936.2467
552.76294,-53.255894,933.194
553.31946,-52.320675,929.44507
553.32983,-52.802593,925.5712
552.7924,-54.628216,922.16284
551.7892,-57.519333,919.7393
550.4729,-61.03538,918.6699
543.8401,-82.75575,882.78973
543.2075,-87.46778,874.3162
541.4818,-90.37322,871.9905
540.8835,-92.61399,868.60675
541.5132,-93.812996,864.7345
543.26495,-93.768456,861.02527
545.844,-92.48788,858.10345
548.8163,-90.18675,856.4606
543.8822,-93.78546,859.64996
563.31354,-88.70479,813.335
566.6574,-90.15066,811.9691
569.4767,-90.86656,809.38525
571.3447,-90.74414,805.9746
571.9787,-89.80192,802.25336
571.2827,-88.182526,798.78485
569.362,-86.13109,796.0942
566.5074,-83.95815,794.5885
582.78033,-77.35842,749.12726
584.95306,-80.36932,773.10846
585.0565,-80.32933,773.10645
585.16003,-80.289505,773.1057
585.2637,-80.24985,773.1062
583.3149,-76.72308,746.4425
602.067,-76.95156,802.9929
602.26624,-77.869865,803.5938
602.5609,-78.47604,804.4825
602.9062,-78.67782,805.5237
603.24945,-78.44447,806.5589
603.5385,-77.81153,807.4306
603.7293,-76.87534,808.00604
603.79285,-75.77841,808.19763
610.3306,-77.25664,827.91345
616.05646,-77.50983,855.8308
619.02686,-76.05577,857.82056
621.18677,-75.20618,860.90424
622.2145,-75.0876,864.6226
621.9569,-75.71771,868.4217
620.4524,-77.00264,871.7356
617.92505,-78.75098,874.0706
614.75146,-80.702286,875.079
616.44653,-84.78053,914.88934
610.3484,-87.690575,948.17017
611.38245,-90.47829,950.6523
611.6655,-92.3349,954.0397
611.15515,-92.98189,957.8242
609.92786,-92.32219,961.4381
608.1678,-90.45477,964.33923
606.139,-87.65979,966.09235
604.14575,-84.356514,966.4345
594.2542,-83.14029,1005.7164
592.3998,-81.58205,1015.80396
589.7629,-80.44414,1018.7783
588.53253,-79.67769,1022.65045
588.919,-79.41372,1026.7584
590.85626,-79.69736,1030.4
594.0131,-80.48012,1032.9528
597.85,-81.62818,1033.9801
611.7673,-83.011086,1067.0483
616.7666,-83.61043,1073.2618
617.6321,-83.939926,1077.145
619.9527,-84.24624,1080.3789
623.3587,-84.48055,1082.4479
627.30725,-84.605515,1083.0225
631.16907,-84.60122,1082.011
634.3287,-84.468346,1079.5747
677.9299,-85.80053,1085.3262
673.57764,-86.584984,1080.6892
674.01544,-86.73006,1080.0336
674.3981,-86.87985,1079.3451
674.723,-87.03341,1078.6285
656.7446,-93.91752,1041.2191
653.90375,-94.70645,1034.4425
651.1221,-95.60272,1031.7988
649.5094,-96.05926,1028.2322
649.31616,-96.00516,1024.2965
650.5724,-95.44882,1020.603
653.08295,-94.47665,1017.7252
656.458,-93.23961,1016.11005
660.65857,-91.24335,999.3741
675.0217,-88.38617,964.609
677.1471,-85.53848,963.0525
679.17633,-83.64887,960.3394
680.804,-83.001724,956.87805
681.7853,-83.69441,953.18933
681.97235,-85.6227,949.8284
681.33716,-88.4964,947.301
679.9753,-91.883026,945.98755
696.9226,-94.99367,895.37744
698.9064,-96.0252,879.45544
701.087,-98.029854,877.12067
702.526,-99.253815,873.8563
703.01874,-99.52299,870.1268
702.4952,-98.79907,866.4625
701.0297,-97.18505,863.3849
698.8309,-94.910515,861.3315
696.21136,-92.299,860.5946
680.0861,-72.19312,785.8734
679.0632,-69.44551,776.1154
676.67194,-68.00837,773.0757
675.7694,-66.78778,769.2392
676.50916,-65.99153,765.259
678.7653,-65.755165,761.8127
682.15375,-66.11892,759.4869
686.0977,-67.020874,758.6776
736.40137,-61.34208,680.2165
737.52795,-61.4224,686.3828
738.345,-61.386566,686.4436
739.1543,-61.3525,686.57117
739.9505,-61.320442,686.76465
770.9259,-61.316147,752.5671
778.7307,-60.600433,782.0375
782.1598,-61.121452,783.7436
784.7131,-61.389038,786.63336
786.0089,-61.363213,790.27496
785.85376,-61.04783,794.1243
784.2708,-60.490013,797.6063
781.4966,-59.77311,800.2007
777.9455,-59.004234,801.51984
783.7331,-58.731133,819.90686
775.57544,-55.28365,893.5985
776.4479,-53.318077,895.171
776.8757,-51.985073,897.4376
776.79364,-51.487423,900.0536
776.21436,-51.900826,902.62085
775.2259,-53.1624,904.74896
773.97864,-55.080227,906.1141
772.6623,-57.362553,906.50867
768.3407,-54.406746,950.1219
761.97595,-55.13547,968.5142
763.6835,-55.579884,971.8913
764.0022,-55.905552,975.67413
762.8858,-56.065205,979.3136
760.4964,-56.035656,982.2813
757.1809,-55.8212,984.1465
753.42053,-55.452972,984.6383
749.76135,-54.98443,983.68536
720.76196,-54.672184,1020.3058
717.63904,-54.5765,1023.31793
715.39404,-55.09467,1026.7775
714.6014,-56.466515,1030.6201
715.39795,-58.455025,1034.1821
717.6461,-60.716656,1036.848
737.0186,-85.2609,1070.9672
739.09644,-88.17394,1075.8901
741.2038,-90.44667,1078.0822
742.3838,-92.18944,1081.2415
742.46625,-93.151085,1084.913
741.4394,-93.19304,1088.5674
739.4512,-92.30924,1091.6782
736.78815,-90.62707,1093.797
718.6397,-87.30143,1141.6737
725.3802,-86.18606,1137.6852
725.74884,-85.95816,1138.1511
726.14764,-85.7275,1138.59
726.5749,-85.49502,1139.0002
727.6857,-84.162025,1143.0527
756.4807,-80.35305,1132.0128
759.18427,-77.736305,1132.905
762.5977,-75.92546,1132.7568
766.21063,-75.19131,1131.5905
769.4828,-75.6436,1129.5802
771.9249,-77.214714,1127.0267
773.1719,-79.66974,1124.3119
773.0372,-82.64156,1121.8414
804.9978,-82.014145,1106.514
808.11774,-82.35469,1103.8213
810.06683,-81.899925,1100.2072
810.505,-80.71894,1096.2726
809.3574,-79.0133,1092.6891
786.09937,-53.59073,1046.5323
795.50995,-57.167286,1052.6523
795.7651,-57.040462,1052.3997
796.0307,-56.91858,1052.1556
796.3065,-56.80182,1051.9205
820.4124,-58.87343,1054.3364
839.6169,-62.528557,1056.9
841.8179,-63.076637,1059.9641
844.99493,-63.754566,1061.9592
848.6862,-64.46381,1062.5955
852.3554,-65.1013,1061.7802
855.4691,-65.57438,1059.632
857.57477,-65.814285,1056.463
858.36646,-65.78616,1052.7339
900.9997,-73.234314,1044.1395
889.8976,-72.827644,1042.2723
889.9203,-72.92596,1041.8794
889.9266,-73.02321,1041.4856
889.91644,-73.11923,1041.0917
851.88025,-76.05889,1017.0614
848.20215,-76.20107,1015.2487
845.02484,-76.25942,1013.3052
842.7605,-76.034004,1010.3559
841.7233,-75.55609,1006.81024
842.05725,-74.892006,1003.1601
843.71594,-74.13389,999.912
840.3751,-76.5248,1011.5153
847.97473,-68.18239,960.56213
849.5179,-67.12068,959.73535
850.6566,-66.27948,958.2563
851.2178,-65.78673,956.34985
851.116,-65.71736,954.30615
850.3669,-66.08194,952.43585
849.0842,-66.82501,951.02356
847.46313,-67.83356,950.284
853.3874,-60.638607,900.1492
855.97253,-61.51992,881.1645
854.7804,-59.41463,878.22455
854.3748,-58.31733,874.6012
854.81464,-58.387085,870.8199
856.03595,-59.613792,867.42865
857.8618,-61.81961,864.9192
860.0275,-64.68477,863.6552
862.2191,-67.79391,863.82007
889.28613,-96.03807,795.9511
891.8951,-94.11991,799.91455
892.878,-94.22167,799.756
893.8747,-94.27938,799.6863
894.87524,-94.29246,799.7062
933.7457,-75.46071,839.2286
937.84534,-72.88755,845.81573
941.08276,-71.44014,847.6781
943.2865,-70.1375,850.75885
944.10284,-69.18863,854.56384
943.4009,-68.745766,858.4825
941.2932,-68.87997,861.88605
938.118,-69.5697,864.22845
942.61237,-68.47728,861.5762
927.7774,-65.48616,921.75916
926.71716,-64.40156,922.4311
925.83844,-63.655273,923.6239
925.275,-63.360893,925.1562
925.1127,-63.563213,926.7947
925.376,-64.231445,928.29004
926.025,-65.263885,929.4147
926.96094,-66.50342,929.9974
916.0132,-64.41955,974.92505
915.6386,-64.5663,980.4295
914.34357,-64.611885,983.9079
914.4051,-64.72478,987.6176
915.8148,-64.88941,991.0475
918.3785,-65.083115,993.725
921.74274,-65.27919,995.2811
925.4442,-65.45062,995.5015
958.7172,-67.710495,1021.69293
959.10803,-66.61158,1017.52905
960.1963,-66.39797,1017.1615
961.22974,-66.15938,1016.6714
962.1943,-65.899055,1016.0655
969.34503,-57.675007,986.7482
972.1505,-56.479267,972.3712
971.98206,-53.791954,969.76166
972.2779,-52.187866,966.3854
972.9964,-51.89253,962.7171
974.03656,-52.947475,959.2725
975.25214,-55.204372,956.536
976.4722,-58.345913,954.8923
977.5253,-61.9304,954.57245
977.077,-57.41031,950.94
989.5051,-76.05726,907.8433
991.7698,-79.13582,907.12054
993.66724,-81.78335,904.99475
994.9105,-83.5993,901.7877
995.3115,-84.30895,897.9845
994.8095,-83.80494,894.1606
993.48047,-82.16351,890.89435
991.52545,-79.632996,888.68005
999.164,-90.849556,867.64606
999.80774,-92.46863,845.99896
1001.4688,-94.958015,843.6127
1002.48334,-96.53776,840.2771
1002.7027,-96.97641,836.48096
1002.0947,-96.20971,832.7805
1000.74854,-94.349976,829.71783
998.8613,-91.66968,827.74164
996.7096,-88.56151,827.1415
993.84766,-85.34513,797.2845
985.3293,-78.240715,776.3652
986.9968,-77.65597,772.95654
987.26416,-76.727776,769.24054
986.0918,-75.59299,765.765
983.6526,-74.41888,763.0423
980.30615,-73.378525,761.4737
976.5457,-72.625305,761.2905
972.9257,-72.27025,762.5198
943.29706,-57.07571,725.90393
936.22687,-55.53961,720.4896
934.2923,-53.304825,717.70074
931.2892,-52.30616,715.1515
927.71344,-52.70854,713.26294
924.15564,-54.445522,712.3469
921.2032,-57.23024,712.5547
919.3438,-60.60282,713.852
856.61975,-91.843445,698.1477
852.3487,-94.14965,697.0681
848.8614,-96.0769,696.315
845.6895,-97.30511,694.10736
843.3546,-97.63234,690.8082
842.24066,-97.00478,686.9601
842.5308,-95.52563,683.1957
819.1935,-83.70566,606.42957
822.4858,-83.1742,606.3622
823.34454,-82.7977,605.21765
824.36865,-82.42553,604.2167
825.5355,-82.065834,603.38116
874.10876,-75.407936,607.9911
898.7661,-71.740265,615.18665
902.0403,-71.67095,613.16205
905.8214,-71.3548,612.50836
909.549,-70.83867,613.32263
912.6704,-70.19909,615.48413
914.72296,-69.53087,618.67236
915.40234,-68.93306,622.41473
914.6079,-68.494286,626.15643
922.69763,-67.9885,623.54065
945.2412,-66.941986,642.0694
947.18823,-63.934975,643.5116
949.84564,-62.06825,645.60126
952.81714,-61.62019,648.02673
955.6595,-62.657623,650.4263
957.94885,-65.025826,652.4421
959.3439,-68.371635,653.7735
959.6364,-72.19608,654.222
995.06836,-80.03111,683.85785
993.1564,-80.679794,676.9416
993.66693,-81.09971,676.69037
994.15515,-81.51702,676.3944
994.61865,-81.92964,676.0553
995.2104,-93.84967,635.3222
991.2995,-96.75496,619.68616
993.1234,-98.02586,616.63416
993.6446,-99.078545,613.0458
992.7887,-99.76294,609.4325
990.67786,-99.98147,606.3096
987.6129,-99.70298,604.1221
984.0308,-98.967186,603.182
980.4423,-97.87897,603.6232
955.7206,-99.994286,568.79736
944.80597,-98.142685,559.8678
943.6766,-99.52704,556.58105
941.5201,-99.99891,553.56085
938.6383,-99.492256,551.2298
935.4345,-98.07798,549.91425
932.3572,-95.95402,549.7983
929.83685,-93.41761,550.8981
928.2263,-90.82373,553.05975
908.96576,-83.04514,544.06555
878.7022,-70.58835,537.4917
877.54144,-66.90904,537.16296
875.09656,-63.962543,536.5855
871.73413,-62.190624,535.8458
867.95825,-61.858936,535.0549
864.3351,-63.017212,534.3312
861.40784,-65.49179,533.7833
859.6153,-68.911674,533.49335
836.1748,-59.946075,528.4179
800.44745,-60.782177,517.70197
797.40717,-58.831085,519.11426
793.7168,-57.67943,519.43024
789.93164,-57.500465,518.6024
786.62115,-58.32113,516.7553
784.2833,-60.01795,514.1669
783.26996,-62.33564,511.2264
783.73346,-64.925514,508.37643
729.1283,-73.105804,484.06537
732.158,-74.315796,482.1704
732.0502,-74.94595,481.01495
732.11646,-75.58479,479.86115
732.3558,-76.221176,478.7291
767.78625,-90.65825,456.04752
772.8607,-91.90531,453.7377
775.5466,-93.494446,451.67163
778.9738,-94.123116,450.3055
782.6625,-93.70325,449.83072
786.09576,-92.293655,450.31375
788.7928,-90.09179,451.68695
790.37573,-87.40609,453.75797
829.46405,-66.6292,463.55048
836.2017,-63.95211,465.52347
838.82367,-61.12967,466.40466
842.3161,-59.595055,467.43674
846.1336,-59.587936,468.45847
849.68,-61.10942,469.3103
852.40137,-63.9219,469.85922
853.8728,-67.586136,470.0195
878.0421,-77.40808,475.8599
900.1796,-86.08493,481.41074
901.6168,-89.6492,481.44662
904.22955,-92.42907,481.9119
907.632,-94.01393,482.73788
911.3216,-94.169685,483.80255
914.75336,-92.87332,484.94864
917.4203,-90.31633,486.00684
918.9286,-86.876396,486.8209
963.5335,-91.71939,499.37195
958.18164,-89.654816,493.0843
958.5617,-89.40082,492.72128
958.91595,-89.14123,492.33676
959.24316,-88.87692,491.93204
945.48816,-72.303024,453.0032
941.2195,-70.28147,446.3797
940.6559,-68.29288,442.95203
938.7368,-67.15181,439.62994
935.7698,-67.0411,436.94568
932.23004,-67.97848,435.32925
928.68475,-69.81377,435.03967
925.70197,-72.25293,436.1233
921.02734,-71.59599,431.17868
883.91095,-79.0961,418.52872
882.3548,-82.45832,417.36905
879.6268,-84.88605,416.05182
876.13806,-86.0134,414.7756
872.41437,-85.67046,413.73267
869.01697,-83.908936,413.08026
866.4578,-80.994286,412.91666
865.1227,-77.36579,413.26654
818.9171,-80.805084,398.7365
819.3456,-81.054924,395.97824
818.5648,-81.08337,394.35648
818.08514,-81.154495,392.62286
817.9222,-81.26599,390.8336
841.4179,-86.764755,352.29843
843.9806,-87.368965,348.06326
846.1871,-87.86749,344.6927
846.86804,-88.25282,340.70953
845.9114,-88.46147,336.7701
843.4746,-88.45905,333.52356
839.9593,-88.24597,331.50485
811.46204,-88.421036,290.95236
808.92804,-88.39319,287.51382
806.8653,-88.275986,284.3225
806.06824,-87.6449,280.65927
806.65216,-86.59113,277.05347
808.5326,-85.267,274.0263
811.43774,-83.86388,272.0153
844.8388,-62.037453,225.27103
