929.42145,0,115.85676
929.59357,0,115.532486
929.7774,0,115.214745
929.97284,0,114.90398
930.1795,0,114.60058
930.3972,0,114.30498
930.6256,0,114.01757
930.8644,0,113.73873
931.1133,0,113.46885
979.38995,0,63.00535
980.2861,0,61.92634
981.0224,0,60.732567
981.5845,0,59.44751
981.9612,0,58.096455
982.1452,0,56.705975
982.1329,0,55.303432
981.9244,0,53.916412
981.5239,0,52.572205
968.7156,0,18.51773
967.5378,0,16.288813
965.8399,0,14.425282
963.73004,0,13.045571
961.3421,0,12.237367
958.82794,0,12.0520315
956.3473,0,12.501347
954.0579,0,13.556753
952.10516,0,15.151179
918.3565,0,50.681694
918.3152,0,50.724907
918.2737,0,50.767868
918.2319,0,50.810585
918.1898,0,50.853046
918.1475,0,50.89526
918.1049,0,50.937218
918.06213,0,50.97892
918.01904,0,51.020367
852.3634,0,113.83636
852.33435,0,113.864235
852.3055,0,113.89223
852.2767,0,113.92034
852.248,0,113.94857
852.2194,0,113.97691
852.191,0,114.00537
852.1626,0,114.03394
852.1344,0,114.06263
795.52106,0,171.83015
794.64813,0,172.62169
793.6881,0,173.30505
792.6544,0,173.87074
791.56134,0,174.3109
790.42413,0,174.61943
789.2584,0,174.79204
788.08057,0,174.82632
786.90686,0,174.72182
691.9817,0,160.59346
691.622,0,160.5332
691.2648,0,160.45988
690.91046,0,160.37358
690.5595,0,160.27441
690.21246,0,160.1625
689.8697,0,160.03804
689.5317,0,159.90114
689.19885,0,159.75201
622.219,0,128.25923
620.0691,0,127.53291
617.8108,0,127.31001
615.56036,0,127.60203
613.4337,0,128.3939
611.5404,0,129.64487
609.97784,0,131.29051
608.82654,0,133.24606
608.1458,0,135.41084
601.51025,0,169.73643
600.5636,0,172.45312
598.8827,0,174.78787
596.6066,0,176.54744
593.9238,0,177.58623
591.0563,0,177.81822
588.2414,0,177.22424
585.71204,0,175.85344
583.6777,0,173.81929
544.1829,0,120.896286
544.0069,0,120.652885
543.83826,0,120.404305
543.6772,0,120.15078
543.5238,0,119.892525
543.37823,0,119.629776
543.2406,0,119.36278
543.1111,0,119.091774
542.98975,0,118.81699
519.8054,0,64.1031
519.371,0,63.20535
518.8493,0,62.35533
518.24554,0,61.56151
517.5657,0,60.83177
516.8165,0,60.173386
516.00555,0,59.592896
515.14075,0,59.096077
514.2308,0,58.687866
476.759,0,44.0766
474.19305,0,43.45045
471.5527,0,43.51793
469.0221,0,44.27433
466.7778,0,45.66688
464.97635,0,47.598442
463.74347,0,49.93426
463.1651,0,52.511395
463.28165,0,55.15005
472.84314,0,108.733284
472.91266,0,109.08606
472.9948,0,109.436104
473.08948,0,109.78297
473.1966,0,110.126205
473.31595,0,110.46537
473.44742,0,110.800026
473.59085,0,111.12974
473.74603,0,111.45408
502.98917,0,169.85318
503.50024,0,171.06773
503.8472,0,172.33894
504.02402,0,173.64473
504.0276,0,174.96243
503.85788,0,176.26915
503.51782,0,177.54222
503.01334,0,178.75954
502.35315,0,179.89993
467.33484,0,232.12349
465.72052,0,233.98566
463.69983,0,235.39647
461.39542,0,236.27023
458.94733,0,236.55386
456.50418,0,236.23016
454.21442,0,235.31877
452.2171,0,233.87505
450.6335,0,231.98668
414.04736,0,175.44394
413.70706,0,174.87785
413.40485,0,174.29053
413.1421,0,173.68454
412.9199,0,173.06253
412.73926,0,172.4272
412.60095,0,171.78134
412.50558,0,171.12776
412.45358,0,170.4693
408.87424,0,92.373245
408.51514,0,90.13756
407.66226,0,88.03997
406.35934,0,86.18804
404.6732,0,84.67672
402.69022,0,83.58349
400.51215,0,82.96441
398.25064,0,82.85122
396.02164,0,83.249725
336.8817,0,100.92175
335.67792,0,101.367455
334.54117,0,101.963684
333.49014,0,102.70063
332.54218,0,103.56613
331.71286,0,104.545944
331.01593,0,105.62391
330.46283,0,106.78228
330.06265,0,108.00195
309.95212,0,185.85074
308.98666,0,188.25047
307.43802,0,190.32231
305.40976,0,191.9276
303.0376,0,192.95895
300.48026,0,193.34737
297.90887,0,193.06685
295.49542,0,192.13615
293.40146,0,190.61757
228.33543,0,129.12791
228.10074,0,128.91309
227.85931,0,128.70583
227.61143,0,128.50635
227.35733,0,128.31487
227.09726,0,128.13156
226.8315,0,127.95662
226.56029,0,127.79023
226.28394,0,127.632545
135.75761,0,77.8725
135.2855,0,77.59592
134.82924,0,77.29392
134.39018,0,76.96743
133.96964,0,76.61741
133.56885,0,76.24491
133.18904,0,75.85104
132.83136,0,75.437004
132.49684,0,75.00401
91.6449,0,19.024479
91.00574,0,18.23602
90.28995,0,17.51641
89.504906,0,16.873068
88.65868,0,16.312616
87.76002,0,15.840831
86.81815,0,15.46257
85.8428,0,15.181733
84.843994,0,15.001212
43.91754,0,9.7323
41.3533,0,9.733658
38.873703,0,10.387079
36.6418,0,11.6496
34.80434,0,13.438204
33.48215,0,15.635284
32.762165,0,18.096376
32.691727,0,20.659655
33.275467,0,23.156572
49.1701,0,65.61266
49.256767,0,65.8535
49.337242,0,66.09648
49.411472,0,66.341446
49.47941,0,66.58822
49.541008,0,66.836655
49.596226,0,67.08659
49.64503,0,67.33785
49.68739,0,67.59029
57.61921,0,118.87315
57.69313,0,121.334274
57.16344,0,123.73885
56.06225,0,125.94111
54.456314,0,127.80753
52.443,0,129.22498
50.144363,0,130.1075
47.69976,0,130.4016
45.2574,0,130.08943
4.2261724,0,119.588646
2.540794,0,119.30799
0.8322383,0,119.31834
-0.849617,0,119.619385
-2.455675,0,120.202354
-3.9390485,0,121.05022
-5.2564363,0,122.13822
-6.369378,0,123.434616
-7.245387,0,124.90154
-29.810854,0,171.28325
-29.996769,0,171.68806
-30.16447,0,172.10075
-30.31363,0,172.52051
-30.443943,0,172.94649
-30.555157,0,173.37785
-30.647049,0,173.81374
-30.719439,0,174.25328
-30.772182,0,174.69562
-35.006187,0,218.4803
-34.915924,0,221.0906
-34.1528,0,223.5885
-32.768883,0,225.80359
-30.858572,0,227.58475
-28.552189,0,228.81049
-26.00707,0,229.39717
-23.396841,0,229.3048
-20.899567,0,228.53964
31.658106,0,204.54501
31.811651,0,204.47647
31.966328,0,204.4105
32.122093,0,204.34717
32.2789,0,204.28645
32.436707,0,204.22838
32.595467,0,204.17297
32.755135,0,204.12024
32.91567,0,204.0702
131.36232,0,174.28926
132.55043,0,174.00772
133.76399,0,173.8731
134.98492,0,173.88736
136.195,0,174.05032
137.37622,0,174.35954
138.51094,0,174.81042
139.58224,0,175.39624
140.57417,0,176.10823
201.9721,0,226.13113
203.88618,0,228.204
205.1451,0,230.729
205.64859,0,233.50516
205.35663,0,236.31145
204.29242,0,238.92447
202.54068,0,241.13625
200.24088,0,242.77069
197.57608,0,243.6977
104.00209,0,262.00766
103.89941,0,262.02832
103.79695,0,262.05005
103.69472,0,262.07285
103.592735,0,262.0967
103.49101,0,262.12164
103.38955,0,262.14764
103.28837,0,262.17468
103.18748,0,262.20282
20.229942,0,285.79053
20.214445,0,285.79492
20.19894,0,285.7993
20.18343,0,285.80362
20.16791,0,285.80795
20.152386,0,285.81226
20.136852,0,285.8165
20.121313,0,285.82074
20.105766,0,285.82498
-35.69533,0,300.9161
-36.93745,0,301.16882
-38.201557,0,301.26236
-39.467342,0,301.19522
-40.714466,0,300.96854
-41.922894,0,300.58588
-43.073208,0,300.05344
-44.146927,0,299.37976
-45.126797,0,298.57568
-77.20068,0,268.65945
-79.47943,0,267.06326
-82.10975,0,266.15665
-84.888054,0,266.00983
-87.59928,0,266.63416
-90.03357,0,267.9813
-92.002495,0,269.94696
-93.353645,0,272.379
-93.982445,0,275.0892
-96.47312,0,303.18518
-96.51079,0,303.90125
-96.49705,0,304.61816
-96.43197,0,305.33228
-96.31589,0,306.03986
-96.1494,0,306.7373
-95.93336,0,307.42105
-95.66888,0,308.08755
-95.357315,0,308.73337
-70.28511,0,356.27
-69.555016,0,357.4483
-68.66899,0,358.51434
-67.64407,0,359.4476
-66.49994,0,360.23016
-65.25858,0,360.84702
-63.94385,0,361.28625
-62.581013,0,361.5395
-61.196247,0,361.60184
-6.074065,0,360.2579
-6.0046906,0,360.25598
-5.9353313,0,360.25357
-5.8659906,0,360.25067
-5.7966714,0,360.24728
-5.7273774,0,360.24344
-5.658112,0,360.2391
-5.588878,0,360.23428
-5.5196795,0,360.22897
65.181435,0,354.56784
65.25932,0,354.5613
65.33715,0,354.55414
65.414925,0,354.5464
65.49263,0,354.53802
65.570274,0,354.52905
65.64784,0,354.51947
65.725334,0,354.50928
65.80275,0,354.49847
155.61932,0,341.6187
157.23015,0,341.5193
158.836,0,341.68027
160.39503,0,342.09747
161.86665,0,342.76004
163.21252,0,343.65073
164.39758,0,344.7463
165.39098,0,346.01825
166.16684,0,347.4334
193.42227,0,408.35025
194.69258,0,410.4514
196.43658,0,412.17966
198.54913,0,413.43085
200.90291,0,414.12958
203.35599,0,414.2337
205.7605,0,413.7369
207.97148,0,412.66922
209.85565,0,411.09494
272.00473,0,344.60776
273.16293,0,343.549
274.47247,0,342.68448
275.90115,0,342.03546
277.4138,0,341.61792
278.9731,0,341.44217
280.5407,0,341.51248
282.07803,0,341.82718
283.54718,0,342.37848
351.36884,0,374.1036
353.76404,0,374.8745
356.27588,0,375.02313
358.74527,0,374.54004
361.0159,0,373.45584
362.94403,0,371.83914
364.40753,0,369.79233
365.31378,0,367.44498
365.6054,0,364.9457
364.9155,0,295.88687
365.24078,0,293.25528
366.24628,0,290.80167
367.86127,0,288.69858
369.97223,0,287.0939
372.43073,0,286.10043
375.0639,0,285.78806
377.68658,0,286.1787
380.1144,0,287.24493
443.31644,0,325.71506
444.40665,0,326.48273
445.38504,0,327.38858
446.2342,0,328.41656
446.93906,0,329.5484
447.4871,0,330.76392
447.86853,0,332.04156
448.0766,0,333.35858
448.10757,0,334.6916
445.01114,0,405.89166
445.0076,0,405.98282
445.00488,0,406.07404
445.003,0,406.16525
445.00195,0,406.25647
445.0017,0,406.34772
445.00232,0,406.43896
445.00378,0,406.53018
445.00604,0,406.6214
446.819,0,467.99408
446.82193,0,468.0805
446.8256,0,468.16693
446.83002,0,468.2533
446.8352,0,468.33963
446.8411,0,468.4259
446.84778,0,468.51215
446.85516,0,468.59833
446.86334,0,468.68442
453.00558,0,530.6995
453.21402,0,531.967
453.5832,0,533.1972
454.107,0,534.37
454.77682,0,535.466
455.5816,0,536.4671
456.50806,0,537.35675
457.54092,0,538.1203
458.66315,0,538.7452
487.65155,0,552.5271
490.08594,0,553.3215
492.64227,0,553.4715
495.1529,0,552.9674
497.4532,0,551.8423
499.3923,0,550.1698
500.8431,0,548.05975
501.71045,0,545.6504
501.93747,0,543.09973
500.07507,0,496.11963
500.0694,0,495.9318
500.06726,0,495.7439
500.06863,0,495.55597
500.07355,0,495.3681
500.08197,0,495.18036
500.09396,0,494.99283
500.10944,0,494.80554
500.12845,0,494.6186
506.57745,0,436.6099
506.5818,0,436.57022
506.58597,0,436.53052
506.58997,0,436.49078
506.59384,0,436.45105
506.59753,0,436.41132
506.60107,0,436.37155
506.60443,0,436.33176
506.60767,0,436.292
511.13263,0,378.97263
511.3519,0,377.53635
511.77698,0,376.14697
512.39886,0,374.8339
513.2045,0,373.62476
514.1769,0,372.54517
515.2954,0,371.61786
516.5365,0,370.8624
517.87396,0,370.2948
568.1745,0,353.14148
570.6217,0,351.91052
572.64307,0,350.06168
574.0869,0,347.7337
574.84485,0,345.10132
574.86005,0,342.362
574.13135,0,339.72134
572.71344,0,337.3775
570.7127,0,335.50635
530.7696,0,307.31824
529.6969,0,306.44406
528.7552,0,305.4302
527.96246,0,304.29602
527.33386,0,303.0633
526.8815,0,301.75558
526.6139,0,300.39792
526.5363,0,299.01636
526.6502,0,297.6373
533.9578,0,249.81645
534.5481,0,247.63881
535.6115,0,245.64893
537.09393,0,243.94809
538.9199,0,242.62288
540.9966,0,241.74075
543.2181,0,241.34663
545.47144,0,241.46056
547.6419,0,242.07675
612.4494,0,268.69147
612.984,0,268.92953
613.50385,0,269.1985
614.007,0,269.49738
614.4918,0,269.8252
614.9566,0,270.1808
615.39984,0,270.563
615.81995,0,270.97046
616.21545,0,271.4018
664.3511,0,327.08167
666.2433,0,328.77695
668.5016,0,329.9407
670.9803,0,330.4978
673.5194,0,330.4123
675.955,0,329.6897
678.12994,0,328.37668
679.90375,0,326.55795
681.16205,0,324.3509
704.91724,0,266.69028
706.3155,0,264.30176
708.31494,0,262.38797
710.7623,0,261.09555
713.4703,0,260.5235
716.2313,0,260.71564
718.834,0,261.65723
721.0788,0,263.27615
722.7939,0,265.4484
763.3409,0,334.7293
763.8701,0,335.76807
764.2748,0,336.8614
764.54956,0,337.99435
764.69055,0,339.1516
764.6959,0,340.3174
764.56555,0,341.4759
764.3013,0,342.61136
763.9066,0,343.70834
734.1818,0,413.3013
733.43994,0,414.7141
732.4827,0,415.99094
731.33466,0,417.09924
730.02484,0,418.01083
728.58673,0,418.70245
727.05695,0,419.1565
725.4744,0,419.36145
723.8794,0,419.31204
648.7469,0,410.95013
648.57776,0,410.93277
648.4083,0,410.91827
648.2387,0,410.90668
648.0689,0,410.89795
647.899,0,410.8921
647.72894,0,410.88916
647.5589,0,410.8891
647.3889,0,410.89194
577.2189,0,412.65982
575.49493,0,412.8538
573.8304,0,413.3428
572.27545,0,414.11212
570.8769,0,415.1386
569.67676,0,416.39136
568.71124,0,417.83267
568.00934,0,419.4192
567.59216,0,421.10312
561.2302,0,461.55713
561.1364,0,463.85297
561.5691,0,466.10965
562.5055,0,468.20795
563.89606,0,470.03714
565.6675,0,471.50064
567.7262,0,472.52115
569.9635,0,473.0448
572.2613,0,473.04398
617.12335,0,467.83884
617.4634,0,467.80527
617.8043,0,467.78333
618.1458,0,467.77304
618.4875,0,467.7744
618.8289,0,467.7875
619.1697,0,467.81223
619.5094,0,467.84857
619.8477,0,467.89648
694.0682,0,479.70917
694.1617,0,479.7236
694.2554,0,479.73715
694.3491,0,479.74982
694.44305,0,479.76157
694.53705,0,479.77246
694.63116,0,479.78244
694.72534,0,479.79156
694.81964,0,479.79977
767.317,0,485.76694
769.8661,0,486.31796
772.186,0,487.50937
774.11896,0,489.26013
775.5335,0,491.45114
776.3334,0,493.93338
776.46423,0,496.53806
775.9172,0,499.08798
774.7294,0,501.40973
744.2579,0,545.6028
743.3563,0,546.72736
742.3025,0,547.7106
741.1182,0,548.53217
739.8282,0,549.1749
738.4591,0,549.62555
737.0395,0,549.8747
735.5988,0,549.91724
734.167,0,549.75214
633.12897,0,530.6448
632.9615,0,530.61456
632.79346,0,530.5872
632.62506,0,530.56274
632.45624,0,530.54114
632.28705,0,530.5224
632.1176,0,530.50653
631.94794,0,530.4936
631.778,0,530.4835
568.5322,0,527.2715
566.23047,0,527.42096
564.0242,0,528.0938
562.03076,0,529.25433
560.35626,0,530.84064
559.0898,0,532.7685
558.2987,0,534.9352
558.0251,0,537.22546
558.2835,0,539.5176
570.1507,0,590.6939
570.37524,0,592.13007
570.3893,0,593.58356
570.1924,0,595.0238
569.7888,0,596.4202
569.187,0,597.7434
568.3998,0,598.9654
567.4437,0,600.0603
566.339,0,601.00507
520.47504,0,634.7804
519.9883,0,635.16266
519.52606,0,635.57434
519.0902,0,636.0138
518.6824,0,636.4794
518.30414,0,636.96924
517.9569,0,637.4816
517.642,0,638.0145
517.3608,0,638.56586
496.90466,0,681.9266
495.2741,0,684.37103
493.00345,0,686.2361
490.28873,0,687.3606
487.36438,0,687.6476
484.48288,0,687.07214
481.893,0,685.6841
479.81836,0,683.6032
478.4381,0,681.00916
457.215,0,621.303
456.79242,0,620.2931
456.26202,0,619.3355
455.6301,0,618.4416
454.90427,0,617.6221
454.0932,0,616.88684
453.20663,0,616.2447
452.2552,0,615.70325
451.25024,0,615.2691
393.86215,0,594.1217
392.29874,0,593.38654
390.8852,0,592.39325
389.6637,0,591.1715
388.67072,0,589.75775
387.9359,0,588.19415
387.48117,0,586.5274
387.3201,0,584.8073
387.4575,0,583.08514
398.5627,0,516.8406
398.65903,0,516.0951
398.6991,0,515.3445
398.68265,0,514.593
398.60983,0,513.84485
398.481,0,513.1043
398.2969,0,512.37555
398.0586,0,511.66266
397.76743,0,510.96967
374.8517,0,461.70465
374.2471,0,460.59433
373.50723,0,459.56918
372.64392,0,458.64557
371.671,0,457.83826
370.60394,0,457.16016
369.4599,0,456.6221
368.25708,0,456.23273
367.01477,0,455.9982
304.9855,0,448.30936
302.4349,0,448.32098
299.97025,0,448.97745
297.7518,0,450.23608
295.92395,0,452.015
294.60556,0,454.19846
293.88242,0,456.6444
293.8016,0,459.19376
294.36832,0,461.6806
318.20096,0,526.5789
318.40894,0,527.2091
318.57465,0,527.8517
318.69736,0,528.50385
318.77655,0,529.1627
318.8119,0,529.82544
318.8032,0,530.48895
318.7505,0,531.1505
318.65405,0,531.80707
298.88873,0,641.0144
298.56177,0,642.31555
298.0636,0,643.5613
297.40314,0,644.72906
296.59235,0,645.7979
295.64572,0,646.74866
294.58038,0,647.5641
293.41547,0,648.2296
292.17197,0,648.7332
183.08977,0,684.5977
182.89484,0,684.66406
182.70132,0,684.7344
182.5093,0,684.80865
182.31883,0,684.88684
182.13004,0,684.969
181.94296,0,685.055
181.75769,0,685.14484
181.57431,0,685.23846
104.85682,0,725.41003
102.57735,0,726.26874
100.15789,0,726.5509
97.74199,0,726.2397
95.47301,0,725.35364
93.485565,0,723.94525
91.897575,0,722.0982
90.80327,0,719.922
90.26757,0,717.5458
81.98168,0,634.65955
81.93329,0,633.50995
82.01727,0,632.36237
82.23253,0,631.23206
82.57621,0,630.1339
83.04375,0,629.0826
83.628975,0,628.09186
84.32413,0,627.1749
85.12,0,626.34393
145.47417,0,570.1841
146.10094,0,569.6474
146.76982,0,569.1642
147.47627,0,568.73773
148.21547,0,568.37103
148.98238,0,568.0665
149.77179,0,567.82623
150.57832,0,567.6519
151.39648,0,567.5446
221.44235,0,561.28723
223.59158,0,560.85394
225.59473,0,559.96265
227.3555,0,558.6563
228.78925,0,556.9976
229.82707,0,555.06635
230.41908,0,552.9553
230.53682,0,550.766
230.1746,0,548.60364
215.8212,0,497.88855
215.26974,0,496.40176
214.49019,0,495.02087
213.50215,0,493.78055
212.33047,0,492.712
211.00462,0,491.8421
209.55792,0,491.19272
208.02676,0,490.7802
206.44965,0,490.61493
140.29115,0,488.9571
139.39659,0,488.97473
138.50719,0,489.07224
137.63007,0,489.24884
136.77223,0,489.50317
135.94057,0,489.83313
135.14174,0,490.2361
134.38211,0,490.7089
133.66779,0,491.24768
89.709816,0,527.5997
87.5351,0,528.9695
85.08307,0,529.73975
82.51569,0,529.8596
80.00257,0,529.3211
77.70971,0,528.15985
75.78857,0,526.4525
74.36605,0,524.3119
73.53613,0,521.8794
64.67572,0,478.15417
64.51332,0,477.0253
64.48052,0,475.88525
64.57774,0,474.7489
64.80373,0,473.631
65.155525,0,472.54614
65.62857,0,471.50836
66.2167,0,470.5312
66.91227,0,469.62735
93.74967,0,438.5907
95.28523,0,436.19638
96.08456,0,433.4666
96.08298,0,430.6222
95.280624,0,427.8933
93.74242,0,425.5007
91.59279,0,423.63797
89.00568,0,422.45584
86.190384,0,422.0499
28.107937,0,422.02106
27.978983,0,422.02017
27.850054,0,422.0176
27.721167,0,422.01337
27.592344,0,422.0075
27.46361,0,421.99997
27.334982,0,421.99075
27.206484,0,421.9799
27.078136,0,421.96738
-19.98757,0,417.07095
-22.658178,0,417.15198
-25.212008,0,417.93726
-27.466747,0,419.37076
-29.261438,0,421.3501
-30.467964,0,423.734
-31.00019,0,426.3523
-30.820126,0,429.01804
-29.940622,0,431.541
-11.91145,0,467.0848
-11.807432,0,467.28427
-11.698952,0,467.48135
-11.586066,0,467.67596
-11.468831,0,467.86798
-11.347306,0,468.05728
-11.221554,0,468.24384
-11.091638,0,468.4275
-10.957622,0,468.6082
19.276886,0,508.4294
19.766043,0,509.13455
20.192936,0,509.87906
20.554422,0,510.6574
20.847841,0,511.4639
21.07103,0,512.2926
21.222345,0,513.1373
21.300673,0,513.99194
21.305435,0,514.85016
19.003523,0,576.41174
18.993738,0,576.61694
18.97974,0,576.8219
18.961533,0,577.02655
18.939127,0,577.2308
18.91253,0,577.4345
18.881754,0,577.63763
18.846813,0,577.84
18.807718,0,578.04175
3.0299938,0,655.18774
3.016386,0,655.2555
3.0032463,0,655.3233
2.9905748,0,655.3912
2.9783726,0,655.4592
2.9666405,0,655.5273
2.9553795,0,655.59546
2.9445896,0,655.6637
2.9342718,0,655.732
-6.2596703,0,718.05145
-6.320049,0,718.54565
-6.3557563,0,719.0422
-6.3667045,0,719.5399
-6.3528676,0,720.0376
-6.314279,0,720.53394
-6.251035,0,721.0278
-6.1632915,0,721.5178
-6.051266,0,722.0029
13.407737,0,797.62555
13.73591,0,798.66327
14.1749115,0,799.6591
14.71954,0,800.60144
15.363342,0,801.47894
16.098696,0,802.2813
16.91689,0,802.99896
17.808231,0,803.6235
18.762163,0,804.14746
77.35783,0,832.2957
79.34473,0,833.5575
80.981674,0,835.24866
82.17799,0,837.27563
82.86741,0,839.52606
83.011734,0,841.8753
82.60297,0,844.19324
81.66376,0,846.3514
80.24613,0,848.2303
31.48146,0,899.0929
31.131483,0,899.4775
30.80197,0,899.8797
30.493809,0,900.2985
30.207836,0,900.7328
29.944824,0,901.1814
29.705486,0,901.643
29.490463,0,902.11646
29.300343,0,902.6004
14.66407,0,942.90814
14.106668,0,945.394
14.195465,0,947.93994
14.924697,0,950.38086
16.24704,0,952.55835
18.07667,0,954.33105
20.29485,0,955.58386
22.757616,0,956.2356
25.30514,0,956.24384
81.54879,0,949.2064
82.446526,0,949.13495
83.347046,0,949.14453
84.24305,0,949.2351
85.12727,0,949.40594
85.992546,0,949.65564
86.83185,0,949.9821
87.63837,0,950.3828
88.40557,0,950.85443
154.43762,0,995.6642
154.64293,0,995.8073
154.84459,0,995.9555
155.04248,0,996.1087
155.23647,0,996.2668
155.42645,0,996.4297
155.61229,0,996.5973
155.79387,0,996.76953
155.9711,0,996.9462
201.98878,0,1043.9911
202.73714,0,1044.682
203.5519,0,1045.2931
204.42458,0,1045.8182
205.34616,0,1046.252
206.30707,0,1046.5896
207.29733,0,1046.8278
208.30669,0,1046.9639
209.32466,0,1046.9967
256.0991,0,1046.1208
258.6071,0,1045.7526
260.94193,0,1044.7654
262.95352,0,1043.223
264.51263,0,1041.2242
265.51907,0,1038.8977
265.90817,0,1036.3928
265.6549,0,1033.8706
264.7756,0,1031.493
237.70445,0,979.663
237.54039,0,979.36163
237.36607,0,979.06604
237.18173,0,978.7766
236.98756,0,978.49365
236.7838,0,978.2175
236.57068,0,977.9486
236.34846,0,977.68713
236.1174,0,977.4334
170.83139,0,908.174
170.14886,0,907.3687
169.55504,0,906.496
169.05652,0,905.5655
168.65886,0,904.5876
168.3665,0,903.5733
168.1827,0,902.5338
168.10948,0,901.4807
168.1477,0,900.4258
177.61151,0,794.38715
177.81953,0,793.0645
178.20238,0,791.78156
178.75317,0,790.5612
179.46207,0,789.4254
180.31633,0,788.3945
181.30066,0,787.4869
182.3974,0,786.71893
183.58691,0,786.1044
265.1119,0,750.6827
267.39825,0,749.9997
269.7813,0,749.8778
272.1254,0,750.324
274.29703,0,751.3128
276.1726,0,752.78796
277.6453,0,754.6654
278.63126,0,756.8384
279.07434,0,759.18304
286.6361,0,871.5601
286.66113,0,871.8633
286.6954,0,872.1655
286.7388,0,872.4666
286.79138,0,872.76624
286.85303,0,873.0641
286.9237,0,873.36
287.00336,0,873.65356
287.0919,0,873.9446
319.52875,0,975.0138
319.54385,0,975.0605
319.5592,0,975.1071
319.57477,0,975.1536
319.59058,0,975.20013
319.6066,0,975.2465
319.62286,0,975.29285
319.63934,0,975.33905
319.65604,0,975.3852
337.51218,0,1024.3303
338.42535,0,1026.2012
339.7061,0,1027.8424
341.2989,0,1029.1829
343.13474,0,1030.1644
345.134,0,1030.7448
347.2101,0,1030.8984
349.27307,0,1030.619
351.23346,0,1029.9185
394.31467,0,1009.2418
394.5339,0,1009.1333
394.75046,0,1009.0194
394.9641,0,1008.90027
395.17484,0,1008.77594
395.38242,0,1008.6465
395.5868,0,1008.51196
395.78778,0,1008.37256
395.98535,0,1008.2282
430.31665,0,982.49567
431.88315,0,981.03485
433.1026,0,979.2739
433.91907,0,977.29376
434.2951,0,975.18506
434.21344,0,973.0447
433.67786,0,970.9708
432.7129,0,969.0586
431.36282,0,967.3957
384.78696,0,921.177
384.18396,0,920.5229
383.6415,0,919.81775
383.16385,0,919.06726
382.7548,0,918.2772
382.41757,0,917.454
382.15485,0,916.604
381.96872,0,915.7341
381.86063,0,914.851
374.26654,0,816.80554
374.25488,0,816.63635
374.2461,0,816.467
374.24017,0,816.2975
374.23712,0,816.1279
374.23697,0,815.9583
374.23965,0,815.7887
374.24524,0,815.6192
374.25372,0,815.4498
379.58917,0,724.1614
380.14102,0,721.42004
381.43036,0,718.93866
383.35635,0,716.9113
385.76837,0,715.49646
388.47784,0,714.8049
391.2729,0,714.8905
393.93494,0,715.7467
396.25583,0,717.3065
461.19376,0,775.6567
461.96143,0,776.42584
462.6411,0,777.2738
463.22476,0,778.1905
463.70547,0,779.1651
464.07764,0,780.1861
464.3368,0,781.24146
464.4799,0,782.3187
464.50525,0,783.40515
461.80417,0,870.44916
461.79984,0,870.8557
461.812,0,871.26215
461.8407,0,871.6677
461.88586,0,872.0718
461.94742,0,872.4737
462.02524,0,872.8728
462.11923,0,873.2684
462.22922,0,873.6598
480.81818,0,934.99414
480.82468,0,935.01544
480.8312,0,935.0368
480.8378,0,935.0581
480.84442,0,935.0794
480.8511,0,935.10065
480.85785,0,935.1219
480.86462,0,935.1431
480.87143,0,935.16437
495.61005,0,980.8431
496.58176,0,982.9666
498.01947,0,984.8069
499.8448,0,986.2635
501.9582,0,987.257
504.2444,0,987.73334
506.5787,0,987.66644
508.83386,0,987.05994
510.88684,0,985.9469
548.953,0,959.1248
549.987,0,958.288
550.90076,0,957.3214
551.67816,0,956.24207
552.3055,0,955.06903
552.7715,0,953.8232
553.06805,0,952.5265
553.1899,0,951.2019
553.1349,0,949.87286
547.11273,0,894.30347
547.09827,0,894.1777
547.0823,0,894.0521
547.06464,0,893.92676
547.0455,0,893.8016
547.02466,0,893.6767
547.0023,0,893.55206
546.97833,0,893.4278
546.9528,0,893.3038
528.8497,0,808.04755
528.7015,0,807.15063
528.6353,0,806.2439
528.6518,0,805.33496
528.75073,0,804.4313
528.93134,0,803.5403
529.19214,0,802.6694
529.53094,0,801.8258
529.94495,0,801.0164
583.5502,0,707.0236
583.7578,0,706.6761
583.9793,0,706.3373
584.21436,0,706.0077
584.4626,0,705.68787
584.7235,0,705.3784
584.99677,0,705.0797
585.28186,0,704.79236
585.57837,0,704.5167
649.0529,0,647.8699
651.08875,0,646.4634
653.40753,0,645.5998
655.86743,0,645.33203
658.31775,0,645.6764
660.6085,0,646.61194
662.5994,0,648.0813
664.1686,0,649.9945
665.22,0,652.2345
691.6701,0,733.4612
691.9633,0,734.5762
692.1262,0,735.71747
692.1567,0,736.86993
692.05426,0,738.01825
691.8204,0,739.14716
691.4581,0,740.24164
690.97235,0,741.2872
690.36945,0,742.26984
632.88715,0,824.865
632.3192,0,825.783
631.8535,0,826.75696
631.49554,0,827.77545
631.24945,0,828.82654
631.1181,0,829.8981
631.103,0,830.9775
631.2044,0,832.05225
631.421,0,833.1098
653.3134,0,916.7387
653.5175,0,917.71466
653.6234,0,918.7061
653.63007,0,919.7032
653.53735,0,920.696
653.34625,0,921.6746
653.05865,0,922.62933
652.6774,0,923.55066
652.20636,0,924.42944
612.37897,0,990.57587
611.9494,0,991.2299
611.47003,0,991.8484
610.9438,0,992.4275
610.37384,0,992.9637
609.76373,0,993.4536
609.1172,0,993.8944
608.4381,0,994.28326
607.7308,0,994.61786
565.00275,0,1012.8174
562.9975,0,1013.9611
561.3079,0,1015.53424
560.0241,0,1017.4529
559.2145,0,1019.61475
558.9221,0,1021.9047
559.1627,0,1024.2007
559.92334,0,1026.3802
561.1635,0,1028.3274
586.3367,0,1059.2778
586.7909,0,1059.7985
587.28,0,1060.2865
587.80164,0,1060.7396
588.35333,0,1061.1556
588.93243,0,1061.5326
589.53613,0,1061.8685
590.1616,0,1062.1621
590.8059,0,1062.4117
640.3959,0,1079.6812
643.02814,0,1080.2158
645.70776,0,1080.0306
648.24146,0,1079.1388
650.44635,0,1077.6049
652.16345,0,1075.5393
653.2688,0,1073.0912
653.6827,0,1070.4373
653.37524,0,1067.7689
648.0059,0,1046.6903
647.741,0,1045.165
647.7148,0,1043.6171
647.92773,0,1042.0837
648.3749,0,1040.6016
649.04535,0,1039.2062
649.9232,0,1037.931
650.98737,0,1036.8065
652.2123,0,1035.8599
695.4523,0,1007.5012
695.5492,0,1007.4369
695.6453,0,1007.3714
695.74066,0,1007.3048
695.83527,0,1007.2371
695.9291,0,1007.1683
696.02203,0,1007.09845
696.1142,0,1007.02747
696.20557,0,1006.95544
757.4788,0,958.05865
758.60846,0,957.00446
759.5622,0,955.7888
760.3173,0,954.4408
760.8557,0,952.9925
761.1646,0,951.4786
761.2366,0,949.9351
761.06995,0,948.39905
760.66864,0,946.9069
729.3278,0,858.3266
729.1006,0,857.59674
728.92975,0,856.8516
728.81635,0,856.0957
728.761,0,855.33325
728.76404,0,854.56885
728.8255,0,853.8069
728.94495,0,853.0519
729.12177,0,852.30817
755.8402,0,756.37134
755.8534,0,756.32367
755.8663,0,756.2759
755.87897,0,756.2281
755.8914,0,756.1802
755.9036,0,756.13226
755.9156,0,756.0842
755.9273,0,756.0362
755.93884,0,755.98804
772.7042,0,685.03815
773.8832,0,682.1565
775.8913,0,679.7771
778.5338,0,678.1306
781.5547,0,677.3767
784.661,0,677.5884
787.55164,0,678.7452
789.94635,0,680.7349
791.6131,0,683.36475
823.7498,0,757.59424
823.8182,0,757.756
823.88367,0,757.9189
823.9463,0,758.08295
824.00604,0,758.24805
824.06287,0,758.4142
824.11676,0,758.58136
824.1677,0,758.7494
824.2157,0,758.9183
859.59375,0,887.7015
859.76025,0,888.40674
859.87524,0,889.12213
859.9382,0,889.84406
859.9486,0,890.5686
859.90656,0,891.292
859.8122,0,892.01044
859.66614,0,892.72015
859.469,0,893.4175
829.14514,0,987.5229
828.8651,0,988.2846
828.5242,0,989.0211
828.1247,0,989.72754
827.66925,0,990.3993
827.16077,0,991.03186
826.6027,0,991.6211
825.9987,0,992.16315
825.3527,0,992.6545
758.17267,0,1039.5709
758.08496,0,1039.6328
757.998,0,1039.6958
757.9116,0,1039.7595
757.826,0,1039.8243
757.741,0,1039.8899
757.6568,0,1039.9565
757.5733,0,1040.0239
757.4905,0,1040.0923
721.4325,0,1070.188
719.7979,0,1071.9221
718.62006,0,1073.9939
717.9659,0,1076.2854
717.87244,0,1078.6667
718.34515,0,1081.0026
719.3571,0,1083.1602
720.8508,0,1085.017
722.7416,0,1086.4678
754.3269,0,1105.1887
755.79205,0,1105.9027
757.3537,0,1106.3693
758.9704,0,1106.5759
760.5992,0,1106.5172
762.1968,0,1106.1946
763.72076,0,1105.6168
765.1307,0,1104.7992
766.38904,0,1103.7633
802.0761,0,1069.1392
802.4609,0,1068.7849
802.86365,0,1068.4513
803.2833,0,1068.1392
803.71875,0,1067.8494
804.1687,0,1067.5828
804.63196,0,1067.34
805.10736,0,1067.1218
805.59344,0,1066.9288
858.095,0,1047.6559
858.9751,0,1047.2842
859.8158,0,1046.8301
860.60925,0,1046.298
861.3484,0,1045.6925
862.0263,0,1045.0193
862.6369,0,1044.2844
863.17456,0,1043.4946
863.6344,0,1042.6571
894.37177,0,979.72455
894.61487,0,979.2583
894.88214,0,978.8055
895.17285,0,978.3673
895.4862,0,977.94507
895.8213,0,977.53986
896.17725,0,977.15283
896.55304,0,976.78503
896.94763,0,976.4375
942.6026,0,938.3133
943.1496,0,937.8212
943.659,0,937.2903
944.1279,0,936.7233
944.55396,0,936.1234
944.93463,0,935.4938
945.26807,0,934.8379
945.5523,0,934.15924
945.78595,0,933.46155
962.2902,0,877.3963
962.49255,0,876.5853
962.6264,0,875.7603
962.691,0,874.927
962.68567,0,874.0912
962.6106,0,873.2587
962.46625,0,872.4355
962.2537,0,871.62714
961.97437,0,870.83936
929.4539,0,790.021
929.4389,0,789.9834
929.424,0,789.94574
929.40924,0,789.908
929.39465,0,789.87024
929.38025,0,789.83234
929.36597,0,789.79443
929.3518,0,789.7565
929.3378,0,789.7185
892.77515,0,689.606
892.42847,0,688.4418
892.2256,0,687.24414
892.1694,0,686.0307
892.2607,0,684.8194
892.4982,0,683.62805
892.8784,0,682.47437
893.39575,0,681.3753
894.0425,0,680.34705
943.16693,0,611.8595
944.32556,0,609.7457
944.9447,0,607.41614
944.98846,0,605.0061
944.4542,0,602.6556
943.37305,0,600.50116
941.80774,0,598.668
939.8493,0,597.26276
937.61145,0,596.36694
858.59845,0,575.3519
856.9769,0,574.7669
855.48,0,573.9121
854.1521,0,572.8129
853.0327,0,571.502
852.1551,0,570.0183
851.5453,0,568.40594
851.2215,0,566.7128
851.1933,0,564.98926
855.50555,0,503.41736
856.074,0,500.72394
857.3553,0,498.28757
859.2523,0,496.29285
861.62134,0,494.89093
864.28284,0,494.18805
867.03516,0,494.2375
869.6697,0,495.03546
871.9868,0,496.5215
908.96893,0,528.2014
909.6882,0,528.7627
910.45557,0,529.25616
911.2647,0,529.67755
912.1089,0,530.0235
912.98114,0,530.2911
913.8741,0,530.478
914.7804,0,530.5828
915.69244,0,530.60455
951.92834,0,529.81494
954.6192,0,529.38495
957.09406,0,528.24445
959.1691,0,526.4782
960.69037,0,524.21735
961.5448,0,521.62976
961.669,0,518.9076
961.05365,0,516.253
959.74457,0,513.86304
929.2517,0,472.7194
929.2238,0,472.68155
929.19604,0,472.64355
929.1685,0,472.60544
929.1411,0,472.5672
929.1139,0,472.52884
929.0869,0,472.49033
929.06006,0,472.45172
929.0334,0,472.41296
896.2956,0,424.57812
895.55804,0,423.62848
894.7119,0,422.7742
893.7693,0,422.02768
892.7439,0,421.3997
891.6506,0,420.8993
890.50507,0,420.53375
889.324,0,420.30835
888.1244,0,420.22632
831.6095,0,419.76752
829.00574,0,419.40067
826.58765,0,418.36777
824.52234,0,416.7403
822.9527,0,414.6307
821.9872,0,412.1849
821.6926,0,409.57196
822.0893,0,406.9726
823.14984,0,404.56647
853.51886,0,354.69937
854.04346,0,353.71912
854.456,0,352.6867
854.7514,0,351.61487
854.92596,0,350.51688
854.9776,0,349.40628
854.90564,0,348.29684
854.71094,0,347.2022
854.39594,0,346.136
826.0568,0,266.7508
825.6851,0,265.4293
825.4979,0,264.06934
825.4987,0,262.69653
825.6875,0,261.3368
826.0608,0,260.01572
826.6114,0,258.7582
827.3291,0,257.58798
828.2003,0,256.52707
891.7983,0,189.10356
892.0394,0,188.83856
892.27094,0,188.56508
892.4925,0,188.2835
892.7038,0,187.99414
892.9046,0,187.6974
893.09467,0,187.39366
893.27374,0,187.08331
893.4415,0,186.76675
