f0,f1,g0,g1,g2,g3,g4,g5,g6,g7,g8,g9,g10,g11,g12,g13,g14,g15,g16,g17,g18,g19,g20,g21,g22,g23,g24,g25,g26,g27,g28,g29,g30,g31,g32,g33,g34,g35,g36,g37,g38,g39,g40,g41,g42,g43,g44,g45,g46,g47,g48,g49,g50,g51,g52,g53,g54,g55,g56,g57,g58,g59,g60,g61,g62,g63,g64,g65,g66,g67,g68,g69,g70,g71,g72,g73,g74,g75,g76,g77,g78,g79,g80,g81,g82,g83,g84,g85,g86,g87,g88,g89,g90,g91,g92,g93,g94,g95,g96,g97,g98,g99,g100,g101,g102,g103,g104,g105,g106,g107,g108,g109,g110,g111,g112,g113,g114,g115,g116,g117,g118,g119,g120,g121,g122,g123,g124,g125,g126,g127,g128,g129,g130,g131,g132,g133,g134,g135,g136,g137,g138,g139,g140,g141,g142,g143,g144,g145,g146,g147,g148,g149,g150,g151,g152,g153,g154,g155,g156,g157,g158,g159,g160,g161,g162,g163,g164,g165,g166,g167,g168,g169,g170,g171,g172,g173,g174,g175,g176,g177,g178,g179,g180,g181,g182,g183,g184,g185,g186,g187,g188,g189,g190,g191,g192,g193,g194,g195,g196,g197,g198,g199,g200
2100,-21600,2.0676581162435044,968.6378593312561,867.99630512947442,301.51944579735789,50.973235779341948,249.96770962065116,680.12196252343711,450.76614310014884,101.33141340819384,471.95973465511696,623.27411718232918,97.353504110129848,296.54314815536668,449.20591865307688,582.72020935748503,105.15032769326058,531.93695048061625,717.45566127054599,228.05095325485527,422.67725194123494,915.65654489540475,339.89797898074022,916.72432266146166,71.795555126025647,570.85493841404218,764.78869232766181,25.775358237065291,456.0932693525487,960.76696668456464,245.50003089113707,965.89757694690638,633.17741696180974,116.96076938684388,159.39145321430567,572.6790920295532,818.06895657450843,0.045251604225683195,403.8170535155964,1000,469.67607097015366,37.872061927335267,455.53143297276233,279.97489616001826,110.48617771648946,770.45307730454419,586.13963726727729,262.02818592379577,189.39886647710475,186.22468778228534,873.07228725694085,216.85674509569321,31.279243779156502,210.9953019131801,181.77507135467732,629.59922898043078,330.56517780087972,340.33137688995566,854.52207110850236,355.26041714642787,439.68248297802182,120.91106539104486,419.33830801953707,6.2550669321453825,815.32284952525174,485.93114416250927,81.836404217884024,617.00773459313928,880.76315451514404,172.50513530816968,773.67524739220676,507.03088677022049,760.41922816501528,9.9652363785602915,711.88031587008152,826.20503398564028,546.31905070233347,278.1692974722888,825.96918432143809,287.56099249400859,762.08920541011025,605.07467143285862,41.280078484965657,290.58077695342018,258.31193622639557,174.01316107049502,742.30274775750547,672.36430319993826,418.29739124247118,343.25557451981416,450.49380660487611,855.63765616125761,98.721427868760927,145.020363011158,792.8789769316686,321.92346378301795,644.68335353599389,459.3913811775742,637.41925334445568,579.31723706058062,180.15864657032421,205.63443806164923,-19.531349440085414,-53.305810992095012,34.775172860103545,-59.85650187389502,35.305163962469983,60.731500067089456,-42.108150442334775,-22.536587773178667,29.58366500952755,-74.389034414837013,-58.914960164046249,21.456974913075221,-43.670487805619366,84.427542741189072,-26.761728173654241,-69.771636703277807,37.075659807280942,66.244387939146606,-36.341770715947526,-72.806826410476603,-50.126373518124581,10.937099336053972,69.520291195060494,-55.911461030204805,56.864453892746816,-69.52455374832283,-57.306048036968363,-20.16048262920097,44.824027784993163,-19.179468652986269,0.1396396342836006,59.581120255052255,74.411986509935701,-26.479491318489224,3.0841841109406927,-17.596775051431663,8.3886660711678083,83.612902668425122,85,-62.578509278254408,-74.984882442437083,46.135688092388378,5.99303982204282,-6.6087904516306004,-25.387115539948109,-4.5706388738839472,-28.960587466352713,27.591932789611743,-83.517652157287955,51.213109947957378,-6.2141077590850236,60.777865183598649,-41.172984221070422,-83.086314463722871,-82.889255123634314,12.280068955456183,-20.605385175754776,58.455061310015573,52.420867327505455,64.440450411140645,-37.023907625807794,48.695508145129097,-57.911509616901363,-33.085868484085132,55.674271996559057,-64.985931665845357,33.26019561249602,-8.8447642447029153,-68.318171281693367,-64.578389516164265,-9.0864306283893086,21.845695359718544,-14.302413802138533,-24.817896503817142,-62.113907951478666,-11.423113864737743,-35.324593130460322,33.878356124386329,-43.899777118724089,42.544747510842292,31.442226311937855,52.625299080967096,-25.698739083414395,-3.5413774168194365,68.184401348745936,7.9521819015163606,71.032550122100972,71.024911210236041,29.310930519855276,-69.623191045858988,-22.343909865130556,30.642316875368394,78.91792372208721,53.524579652747313,54.051032698712007,-81.994670665371999,-83.472822281224822,-46.109152965773276,27.651165902148698,48.869944938817653
3500,-41100,2.0199155393390194,950.35225559518665,227.49633440717554,724.49450564023209,266.76504336521197,152.7679198629761,665.49111439513854,801.53637716436481,234.89000322004594,474.80461635978651,597.80567414863458,110.55372713356238,107.53796814595076,436.60563698692295,620.34045760963454,37.096770300031721,1000,713.19145773582954,230.40236552161005,137.46384998566469,913.60650200878297,337.60729015217674,464.48787509430673,20.233728726184609,362.43605578509494,770.28451255083462,56.084745572444035,96.120341037200973,11.308198989121934,201.29018166390364,130.14589257472892,252.66439819384078,882.8057300895382,160.81134602181754,351.26768032156588,535.11492466916764,516.6966462341361,268.75151575600677,1000,115.06287483995391,639.41289833149176,870.51610016242967,371.31089496268248,381.40752806139074,770.5380703596951,585.99317535531861,383.37210672144323,227.94300028149331,97.23188911047049,96.169249401724358,182.48902699329881,743.24279705069216,233.20559034309133,186.2734361043313,612.1837341499031,330.13269778408079,736.32277492068465,912.01444235590054,39.245197058451623,504.46466072969235,557.52964394928119,189.04370682881446,925.9769742875169,120.44153568434865,387.23927630828325,185.92376953977495,642.95754054148097,29.1604102636486,515.43709204860875,776.37990376844243,499.18842205071275,781.56552083513679,912.95021967459911,711.56795216360092,586.58901444677372,179.68099033370467,27.997306813584725,960.07858686762688,293.21232348254426,73.268029802398416,64.020144488961364,832.45851086731386,90.048434244365296,270.69504217081362,170.00503799020521,967.52811375985971,80.217925116828667,383.48489632582107,335.05683271968803,797.26144706463174,838.04353328792729,678.06866726706517,108.0006563374352,764.72189444024843,354.38303644535171,803.45803008954704,442.37629357181208,857.41160107252585,568.1452127582703,199.18326117755913,35.773831721981239,-20.292102197506946,-44.528752124503264,-35.227152957674662,-59.142414504693733,35.312475548615843,57.359369516605632,-43.652085776462606,-15.830025185712291,46.160998724186385,-68.089575520139164,-60.431304975018421,22.437276845652129,-44.732550736880228,22.3199908975004,-26.985437459548361,-63.742854085200534,-6.537814084417068,64.82198867006656,-2.1669616085031116,32.879967581191508,-52.379234924922955,14.01353237828561,28.221416953646298,-28.45264642652203,57.773431665848122,-69.194451617073213,-63.626742825159667,-18.679896797497378,38.225280660414683,-33.221474858901516,-3.0476443344235875,59.84407969538394,18.38489525082402,56.504623215832368,-10.421773117123232,-20.877316277989848,21.831454995361092,21.398927794125555,84.949995294651117,-65.498931017277542,-76.760305135671302,-0.013262507178247063,7.4912798834116821,40.943111528611155,-24.845274944407358,-57.730032299921191,-37.464959536547823,-53.415400389292138,36.22261795915901,50.577036376307738,-17.685070094728008,59.198064141194465,-17.830510128035989,-83.846519923157075,-83.187675706685582,-48.92647086902555,25.766566586575564,57.332106354707477,58.461873200180563,23.608636260248854,-23.706255768021293,50.587826776628006,85,-34.83202356881182,56.406797615769328,-15.401359078108452,74.762221988790259,34.55057343299336,-62.875591599712557,-5.8613755598396011,-12.614594165669239,21.522615276568661,-67.195150703557516,-25.385614325123406,-15.60713160945123,-13.157602689074963,-33.865628509213714,46.211484342534213,-38.970204876905328,43.007682283331157,29.710697542303283,-76.86206661324843,52.52440920805364,-1.3204686223201085,71.071052326813259,-7.5886964511672037,-42.429490555453583,70.461482638978893,27.988183643004319,30.014729580159255,77.211255680348714,34.771135870703631,83.774236077629439,49.094815805391178,37.996343627134955,-8.3183486803936795,37.665473980150097,-11.081133737476916,29.465987215763061,-70.025369706838603
3000,-40500,2.000166674505925,950.46078791761022,222.1802048533894,722.01513281937025,378.65631000818394,266.52805926302915,156.30467271595683,800.82174930335725,240.9451865045003,376.52705131017916,603.36506390539603,110.57637746821491,284.97998721761985,445.78999786215218,616.85696822404066,36.967462590769415,1000,723.11673066577453,229.96218410064438,137.76370742203991,844.56378252329455,324.24295082132153,918.24023560278624,27.850676231006048,261.87791563103053,872.04116270544034,168.45291024188234,101.90069321825135,405.91638685433804,212.66603493112643,156.87647907168355,634.51820014770692,272.67569491609567,149.28434889679181,338.49545550684365,541.41775775310475,538.50569124852677,276.81905238934257,987.2109372638804,110.71858722798291,54.500010146505588,869.7399253765285,304.70235977247182,651.91514048087629,772.72476350572072,596.35907026486939,383.38460906595998,186.7111892578562,96.946116508729077,171.7892178003043,79.235572148180296,381.34414489116972,232.87266408441414,179.63294512174096,611.75126991469892,861.61983422460321,580.55017547866862,901.82460283004912,882.64334551855927,515.22434919085322,550.85949251737406,423.67752549369976,924.12572501378918,86.654729522535419,224.18106242151981,184.49269225912627,922.52240858687094,9.8327321379304635,515.06244173535345,639.66845950742993,499.187183826428,780.74472401280116,912.9450168306555,546.08656409073728,817.92522261378349,179.48731432924919,185.0292244948823,821.2053424865743,296.89719882820327,628.77145132880548,66.933182779947686,830.90870834093619,95.647805156047667,271.07601812347571,170.31760644920899,965.08237834009606,68.386613072569077,384.328879102352,516.11717736517699,478.78408511335613,821.54245050183204,675.02881098101341,755.50394194214232,783.19003566125866,357.26732675182802,809.92441127202983,442.55984789668469,934.96034919554245,578.90602854006431,200.21284283022919,36.653321588254229,-19.702689014173686,-43.026908796279152,23.142098316518815,-16.055402882204358,49.592144615323662,35.672844577727226,-43.78638646927233,-53.990321455485947,46.64561912226084,-68.106007385298923,-65.755285204207169,5.8315604752577901,56.365035433167023,20.87054834687515,-1.3725016683876774,-63.807693873883565,-6.5940785291669588,64.700136060875849,74.817384867907123,29.273199825855784,-60.256343257786725,-41.417786813017699,-79.158103444746899,-27.413067193679137,2.4444471251094733,10.812558118835351,-25.56869015195408,-35.678921344093226,40.741702290166025,-34.226410680699125,-3.3973397009305089,-15.107624087777555,18.689138608270593,56.668094423368039,-10.838285372653175,-20.843923464389956,22.131684508229554,75.118129163601779,85,-65.645538002172898,-48.41610946856607,-1.2318269890079705,7.3547386166603133,-7.6556835353519297,-24.830015967069137,-68.969259959783955,-37.507632928386229,-54.108975900049366,-10.55220089829087,14.550311296771888,24.911940032579764,57.543059025931683,-16.914568773889854,-80.490517003976819,-1.7775269648452365,-48.967940021204548,25.867137445204055,54.971493183693781,58.286168484151091,23.044932464007992,-23.390549607414357,-39.085352998940593,85,-34.953570139934257,-80.404460557104741,-15.975041666227895,-25.594219240452432,36.742627633376458,-62.819886869380937,-62.518420138131134,-12.625555968118466,21.493847705870348,-67.023881835066334,-25.952740268547391,-15.613629623170757,-11.931772375304339,-35.223642417917659,20.145377720742864,80.766459232881289,2.2161261771578076,29.890786840220184,-74.747588023905678,82.075865733000853,-0.24845029186498735,32.288640430999109,-5.5862561426115054,-42.715421828716899,68.330130366727104,27.568491233848672,-1.7080667562628005,72.962661199769755,40.507699126654543,-8.2045505397541163,49.098714040216592,67.098634196287776,-81.287490104171525,37.663375302562727,-9.5693743188534057,29.465204810591533,-79.215314747605248
56300,-68500,2.0039808045570919,239.44451654329276,3.1179869775279059,219.79101654204342,51.537654506966931,255.11702295173424,120.16188060921388,554.51112306656012,334.3583310200753,458.72887853721625,604.44890600695339,98.012904760290837,273.56016612614462,324.03474529364121,63.418602763591082,84.475005763146143,516.77675683745349,725.91206910288963,574.42919326872834,396.95439560642797,829.93543249427285,108.17805377801568,923.01486173030776,567.9221773962505,258.64408705060828,847.56345014874626,667.22410950191477,444.27598738356824,967.42111887009992,196.02329835209787,934.00852495767742,637.29915458899029,228.53614046141931,877.3172051012881,349.95648523859933,818.16053111857707,968.75153783539474,388.80299860462242,403.28436247640087,454.56420061618775,46.901556086110467,455.0673730478515,277.96971341386609,381.49098561492156,389.48662542413433,597.8551285534104,274.54580507383201,210.63347670301104,185.17715960726866,153.71277268166858,572.25034178025317,37.714489241544271,217.55470155373942,188.54709204228021,634.92132548971347,639.64575688379966,349.10622038067356,480.85371119869239,907.44421741647739,520.68513329127518,158.46419964332867,716.75144307415735,696.72034340418486,49.733975016487989,486.98570765741545,846.57085481473655,819.23942506134836,935.39023231333351,528.95729941079048,641.29324308002788,182.4386535646596,723.13427262112862,939.36894040062737,525.64883542506527,815.66413907188485,545.0225232292695,617.9900841807488,821.99271192800211,171.75575891962299,629.41709740509918,595.69471246200192,799.58282000318798,807.14933287512918,81.817576629987101,146.44488576868491,754.88033868092521,672.34083450627566,379.08247786384823,45.383180536062753,488.13644627960565,833.00713116240752,466.89698103850168,779.24657388055596,9.1351121668481312,356.75674950782707,662.93044388572253,411.76100183626943,717.86334822043682,566.82056700735291,195.34235993382291,196.21850318345255,-30.988745442970259,-52.715934789762279,21.798068457698818,-34.068425403836201,42.931623389873224,10.475185052695,-74.059286142168389,-17.040968514994262,28.829208324169109,-74.963422712403101,58.289711670229792,5.6530829522620891,-44.081709196887061,20.529330201565312,-48.300416122018149,-4.6486113375745486,-10.466421996399999,71.585169640700414,73.638885771207924,-73.265886271762326,73.701886416886381,-41.798251839524212,-84.52341510753034,-27.635973625426523,30.295695673566254,-76.536660099350243,-26.632695892928783,-33.617115927476476,-21.260956008567554,-17.241255161795586,-2.6442530253242551,48.150654252890547,77.017633471740211,-28.381435638362376,4.9730329127517381,-17.340119362449858,53.623134988855789,83.158116609442416,-13.334697181302293,-61.634638951014963,-42.479675881325463,46.352447338901719,5.9355476933470825,-6.3825758071556118,-25.924685894980239,-5.6361115252418239,-0.33333683552509408,24.781289784441778,-10.405766591343543,15.51262310649137,-6.453832530986336,60.872374695853907,34.796670675785677,-76.80767084918422,-0.57996850328622651,21.226050740609168,74.9352344565268,-25.013624583801239,52.497507318117471,65.406940711680221,59.897236554938331,-10.45546279472676,-52.316762526861922,2.2112183474259837,60.123293839030168,66.413082390091674,39.224677025597607,38.182833146890019,-68.632693563415614,-61.772074550359989,53.213422991603821,-72.883485904806705,-15.40278501767029,-84.643209001822029,3.7344724519495127,-7.6319904115164023,-37.181941539893103,33.873753728475158,82.205876833284634,-0.80307046291851947,29.943625568846112,81.652651689378786,-2.3641722298145922,48.062493749196243,39.737163163642485,-72.823557680814446,-22.330990932005363,20.104701063700194,-28.910966057728796,-68.226244431698689,-6.8340998527657044,-61.753104646540542,31.658344012691991,48.896924454054982,70.440515346162428,-79.503829836230167,36.986188426219371,-47.589125424302324,29.574091163305113,48.847961532247815
6900,-43500,2.0515267931646766,960.93661306740705,44.6520637751603,231.55120577538565,380.50473678807293,265.04786325745863,107.79554025025449,453.02154046678504,328.49251209451933,379.72586740175149,595.37826519750536,105.33969564152004,285.8126414014331,304.52484986424668,234.27131905683837,85.614976436849375,1000,726.06006100471006,74.494493392446302,63.319967451773266,832.58919724439511,322.52088787248022,367.97885780110198,565.78863747517448,263.24480416319989,855.21972626947013,995.54225397695927,401.86758991796717,957.41295972817136,237.11013167181301,116.47621278587749,647.4922214733632,125.03953852029815,165.23826968031244,356.88070814253911,814.07578457329862,526.75826609721344,892.60825964576827,419.53472274327333,461.36453942608,39.045394838542109,449.42846322787699,262.88085716959904,649.45275086008803,394.7862803526632,603.52038346111874,255.96239097412013,207.58521739371929,114.7653918831719,178.48564505820252,75.70746045947584,390.96853076725188,197.75801297827525,924.44268249025049,662.4073670251928,883.4427748348528,575.38479798232413,473.74751002170183,900.42248624882836,968.8477050277213,266.61898161773917,414.35156483717299,54.598695500663382,772.35565680723425,656.63432879144591,184.30468196333538,903.34158765616132,873.67749571700199,522.78619199423042,790.732304157832,476.64451795450236,734.56006640202258,55.528292192090476,535.15667554962749,840.93557287537283,544.95725149974146,276.6009851932975,821.89230676823627,173.234242970883,654.0468856210075,34.461690161957492,204.30249757581288,325.76553848400863,712.68978517867538,200.86526273926532,432.58522764702377,668.91110610944202,417.2441095339463,706.48749356482983,478.47144029021314,448.15743709580067,105.42534953214516,749.82590000847051,14.132662425816129,318.51766373949613,805.4007045171254,460.87041500908219,713.39796082049747,587.66684947048327,199.2758366787989,59.815390881495276,-20.660982160709114,12.69879650991253,-20.144035489284214,-40.287589293937586,41.079993237504738,-68.010323634096238,-81.564472158165316,52.071573353338209,28.816833749252645,-74.891805617131041,67.763458667972486,6.3472250878314576,-43.632424524405558,21.407655891345215,-26.424950427037377,-7.3738485500241735,-32.15921262471349,68.040407796772314,-40.655112536777892,68.601170246955675,82.613215903255323,11.61958429481936,-79.265623286835165,-27.348553197824316,58.246074188343449,-78.009675416856425,-25.968263114919658,-68.844893463029422,39.568680534675842,-17.08191634911579,-0.43490476598791916,59.223430265130474,-11.077417345466237,8.8588062251625352,6.4414069397888323,-23.477070559804211,-3.5819676578782147,69.211888700852398,80.614319391907017,-61.76973569589336,-48.348331156661999,45.420615392736686,5.9802470930744747,-7.8986748355127787,-48.932317778061844,-57.773728799915503,-6.3388666216846836,19.663381772528556,-12.575978338563573,50.861290311740227,-6.0490279617001779,59.077186507531295,-17.417310328131659,26.044253032064951,-2.0942201466999548,28.632286998972475,24.012436539409808,57.323159128676288,52.590126223081043,-74.430613082192025,41.627326369053982,50.903893750680169,-7.9432668899610483,67.971288149499557,-77.124207204299694,-69.457676676979759,-18.716102174537575,38.318506897674055,-68.631294593485634,-36.302201592747736,57.975209944943863,-71.141244203238116,-15.980081046004909,-83.656300089878982,-16.192103996238927,-41.762923754960184,-36.474374486705628,14.369405522298493,82.288212763463264,1.4463671409088672,30.865380397237111,5.4132081693983238,80.078098220093409,-2.5600761837214847,38.20191842157211,-7.7191440514413907,-27.34379467340684,71.001638992990621,-38.04825703156331,-72.053134759716144,-3.0477160043894393,-58.155685262189387,1.4107061128638101,49.494041596761228,69.291383213669121,-80.288571307187283,37.194871086545398,80.230350194613905,-39.923990640580882,20.420929605937282
3600,-41200,2.0496373473269434,960.84268346752754,193.01506944118319,244.77449434314536,380.35242187219626,265.38384064453038,134.91103145148108,807.42132929183299,330.00420736401918,474.77618632569801,302.34207816427551,110.22727526950207,291.32898273435558,319.06374726509443,603.50912442814899,63.438315461355671,596.68505487288746,722.17856379424268,73.795646209056429,107.34028738130745,911.55006251087389,338.04118904256109,467.05807597155001,574.31416884312659,266.19627173859345,849.05593224996676,82.62829080987153,431.27910239785854,953.81227913580085,244.57903952951764,947.50997340647541,641.15596024900628,43.926881645979961,164.28971577243939,359.09435870758762,814.47562802110951,516.36069007625645,276.95376772888068,402.93452169597026,418.1779576620437,62.186455896909024,450.69775567500881,696.55213016580171,462.25036984976282,741.7878453248112,586.39969390359613,389.91414348679814,199.03204976628405,117.68222556771239,172.96020870555094,184.22380527174337,384.75010658491453,229.82460079924854,182.78229252433727,658.41296378807544,323.65796185813269,568.14729442381656,488.96216311551325,330.88967107170868,982.97053475903238,121.65925835369319,215.67148608148921,925.01734497236953,84.90845552829893,502.21442695175745,85.910458660620748,881.03596254254808,561.90194568233051,525.89750318110623,775.10156444016536,485.00109266437664,789.68293159428436,51.059641503757575,702.76770057003296,822.36233609555131,174.56820081648047,289.75752134628362,797.83530611335539,284.51237547802242,611.02767947906784,63.848965187613473,820.78487353293826,301.88741522921174,719.93139748978172,189.5860576736458,742.12380065349191,635.52451734502461,383.50008074746984,823.12691267247146,219.83934318948016,444.43422044967815,94.918020851557117,715.04378293956006,691.29481692118759,319.59726035723219,806.21468655645754,459.531271763039,714.03726630113806,645.89647693730615,231.23641731938687,41.261450907469793,-20.314904088174284,-46.350319706887319,-36.708439887467549,-58.824156113406922,35.114929569044513,50.519353509075813,-42.917618878195796,-13.260123552028524,26.951802021071856,-75.004433671393471,74.881555070204783,21.984682857665501,-43.684252034167812,19.713222576148411,-26.623735483542688,-77.080551069199515,-7.1163372482199634,64.962014078194827,74.487844909343607,60.042578931977111,70.951123532914238,-42.178791345353332,-78.46140160135127,-27.369680069601454,57.932286142033,-69.06283539772771,-26.563635371658791,41.993241955311241,37.565929589637172,-17.089943212868548,-0.15045343066269523,59.20698293987148,77.662019956826171,57.392564442729572,4.7970032192453171,-16.287679737427023,21.441585713827337,19.90984294165008,76.953032914072978,-61.770779480378486,-77.10597796141991,-0.80739580038987335,5.1150841332054018,-6.9967258186239008,-50.49350566188032,-5.3229334046577748,-26.78763344780193,-60.022554652164608,32.793488622147095,50.705049316210079,-17.53557632852408,64.419084688076609,-21.162226974249755,-79.530013519782727,-81.055791056392266,-48.844490783061445,25.86096759307129,58.296979748740505,58.445875576769147,-74.157846722462267,41.464361228949386,49.036136314231449,-56.259808265707477,36.578426985158387,-76.376339256260195,-70.785609803021785,73.860910140065258,34.339871845058752,-63.532449214660886,0.56749605144907989,-15.324920109350501,-38.492485790986272,-68.057327178254809,-82.409243123387938,-16.541167128815914,-13.142139236650596,-35.581245907035054,14.292778186092139,-39.715477223001855,0.91068967030955505,29.041198591484186,85,54.120211433026121,-2.3368236213347977,71.279533345881475,-7.7330424376174989,79.746788710210126,70.499138659427871,26.522044628266496,-74.431598539815155,-22.072520760385295,-50.616018370382285,-5.4816490059030372,53.878154491716359,69.284647746012027,-77.316323504723599,37.332831404788521,-11.129033698064758,26.212559753524594,-81.751809787468616
2800,-37600,2.0001497165390583,961.65433250339777,221.93678914778869,344.31009009073836,378.7651074648515,266.53013108436909,113.79236018351403,257.29358918829632,239.19915471349378,376.44418905026151,603.36120435571604,110.58622392794892,626.51406224746449,285.05700455877457,639.01235219491787,338.87611138004957,499.96243646861149,536.68718241147337,169.68563140696793,111.01628593938625,842.72344677455749,66.386601967100589,923.02776757922004,34.853313555772729,265.28069737051641,861.31765122289028,1000,386.75346315100853,406.45519285853618,193.51837663095904,903.32152032999852,609.84877482516106,271.6645196531328,751.80263140461705,337.97918346123566,552.08386274442103,538.49383236365861,272.92350381244074,408.52392579412168,437.51997390925368,18.429212250276521,868.66165820487629,254.27434214815875,651.60306990131755,376.65225387880929,596.40303915476022,385.34504512935689,196.53629907791674,77.57640895229693,396.90903000313472,79.07855145940286,388.22733227474657,232.89793868857748,177.60052624862732,603.59276905466095,861.7956366232911,650.37514402082581,218.47478868273913,922.49703690408899,1000,7.7725421296905211,718.23640330035346,928.21688688668405,81.172281575120678,242.102995951986,175.76038001945832,813.79632526436887,48.91816108543145,514.80574630449257,627.97303424077461,501.50424737831804,724.67287479101947,913.50041423829589,545.52311336499088,218.9671295155635,180.2195273076222,607.35399030662995,821.19066193207914,650.81895293164632,629.61151798787535,608.07549293926013,796.86910960713112,283.14242179092173,89.780419962751651,195.93505702620169,947.94701997933009,688.47795750832427,382.40932017851367,516.26802093350557,478.88404929133145,326.53895206662708,668.79436721958848,755.4706469517032,784.27784055398627,345.39068285385463,810.01315476605077,442.61803819670376,933.16759718312096,578.44816643244167,229.08727228447171,55.71055234133118,-19.272576794134608,-49.686407299568643,31.787314233981437,-16.082912301703786,43.534056851295439,35.521254981138796,-43.637659029488958,-52.705748359188675,-27.516700015618202,-68.615675274025378,76.269174558540072,5.8365417596050682,53.874782850486227,78.811014135673403,-2.3396908480193623,-65.06798602693955,-6.6155152874955645,81.200036829437295,-10.868172874263067,80.489371852184689,-54.894957263763004,-41.418379616590386,49.847674119998949,-27.629451246604543,0.30763884073283876,-80.267457973183241,-25.724023473799676,-40.72856383921598,-21.641544980635196,-34.283701496246543,-0.27084577701118118,60.017468223218494,17.381528872713744,56.839174878814497,-10.675311299131534,-20.889209541469494,23.453640463675576,28.123554709382471,85,-65.699157062596768,-41.648540416622595,46.459737628125147,5.8949100509662253,-12.130121721233252,-23.71234347129349,-66.154724663798973,-36.698087064958159,75.612732299560392,-11.412621650827916,21.000028252722707,-6.1508558405552325,59.299840964474917,35.959229509780116,28.262635291377705,15.658392220607734,20.164879469171961,22.296846903905422,-26.840248348941433,58.293631713836469,57.48624291553363,-23.749788233460578,-78.657833409761281,85,35.090547027036848,-71.503439536034875,-64.814008348052425,-25.450491860549974,36.765807133674777,-63.312085049158732,-62.551969441004097,-17.56467640375346,21.488649308696338,-60.628952790084362,-84.954080343242993,-15.175690697535288,-11.933343279440816,-35.239700209361104,20.96592969983806,80.749978744458929,2.7779362699735728,29.892494278326421,85,81.440825936923972,45.740239993556671,32.123859602433527,-3.8449802572290039,-42.151760546939741,20.231891661551206,42.512614656751083,-68.42430708740909,-3.3124846433725637,35.239108574205758,32.094733998371183,49.099467478543829,68.49620802279361,7.6456090294497656,37.122221424731777,-13.725098458634381,29.250818709284584,20.028917792585833
7000,-43900,2.0389434910682271,962.31463961010411,42.555658267593984,231.52606265719857,380.51238750369919,811.3054963624445,649.17506775874176,450.00220029934428,63.243249335099591,375.51798279365124,595.51279366802305,105.52470398228017,292.35945108679869,355.01232413651917,238.87185881636051,336.67650404579365,476.83357790735187,582.40319158562409,68.901386037601668,62.996105876005728,942.46203633326604,326.53363229691365,359.35394943665273,566.18388968160639,588.33147027591201,864.08708823924519,995.92263660273295,91.970232845588669,957.23185340718123,203.24504653766999,941.18053353303219,652.69401028432048,123.63917195851137,184.8796861158774,361.25033292123675,929.95177582406325,538.17505796914145,595.6553756851348,418.73707766816131,461.38860782740289,6.4259692868251364,950.44490605242413,250.58719698583613,413.57738769197397,387.51094113889633,595.93558260807765,256.44588810555717,207.77131839844051,684.50224618041261,182.42179924756988,17.371223396202353,382.12520975787669,195.11240090337222,35.8360435104251,347.64506622345482,883.29271425422473,566.52344715095046,209.76884067063745,899.62916853414617,992.40677074711357,121.20244598616482,452.30749851282383,54.391803331813428,640.91300049877532,662.32086219348673,258.7014415901574,877.85517217372319,890.03357060972905,522.80393071983997,797.80211793500325,168.42702530721596,759.88887535091044,624.46830204557841,560.4712377800156,869.97461642251756,131.08713094997216,284.45902434196398,207.24550323124186,191.57252420037736,657.21269517905148,32.656031393262651,68.064813643210499,305.28315257406166,722.23586474895524,198.28872996812837,426.86990632445503,658.60868277759482,417.26921368702597,695.83086511696229,479.22893126350959,448.19034915168407,115.36500708056923,742.2567849382209,820.46713541322094,787.49417960203937,791.31346144305144,465.62092640431479,679.33467990319241,587.92496024416164,182.62215374509242,52.166646427382801,-20.832285455970553,14.521457766276981,-33.94076381968685,-40.142410408078412,1.7242774228483988,-67.957836549185316,-81.683270358166084,54.568764310519789,29.521097437000993,-68.516094204903197,-47.91727917702039,6.3486377086400108,-43.395165831441282,20.149670820360996,-25.755930004116124,-5.4421626705394779,-32.433612280998567,71.10129018945257,-40.641605072819672,68.922546199774217,15.828324931223719,8.865159881398192,47.06618971812388,-27.347768003038894,58.264402647709929,-78.032927797908471,-27.826178997004401,37.136386335237816,-19.972634424838088,-18.246751576984146,51.035176549909039,-19.568495761871262,-17.209875773344542,8.2809491869225287,5.7518647238807814,-23.353739418600249,-2.8643409247609615,68.572914713552635,80.530259504796746,-65.793484654958448,-47.312689406398732,46.981244093653117,4.9428648393121648,82.730595491643712,-48.822166915691859,-59.520934482814354,-6.4344651736358056,78.789081573845934,-13.251892051288987,-16.691124955957882,-6.6120870049161322,59.074284176519612,-42.888874606899861,-82.891463585403926,-1.6471066357937456,28.416179954067658,23.978643197459473,57.68564315602034,52.434967949719429,56.574987873095012,34.447677293168816,49.830416387363606,-48.084341430664914,67.967012451282244,-77.147707047232402,-69.448716003450514,-25.749538540384663,38.309054179821629,-68.620706038822505,-59.939450365365616,58.030487194644138,35.126386229256653,-10.674436958533917,-83.626083336995734,0.45322611469551344,-11.569391324679748,-36.281079887026323,39.23511611860544,68.78427136948477,3.3708023079583,31.589024464716413,50.541657316580711,79.999128706102297,2.9844713574175969,38.192844973531621,-79.902634116838129,72.897333685235878,69.791954240342349,49.235189957033221,-72.345027832290072,-3.1965171985514882,-57.653925370016964,73.472955092641541,49.623710358366083,69.28300950438819,30.951950223757208,37.177296421236043,-9.825115598822272,-40.456097695311954,20.256800750808111
12600,-62700,2.0027473086966938,1000,5.2610930814806256,301.63829852564203,50.997665404779625,261.86584418826493,134.71223566259266,538.044776786939,107.24297403044638,480.90824801275062,604.43538155490523,387.55426803116086,296.41450500974287,32.853069531238873,68.456248939251964,87.399576644300922,556.73268353438311,711.13368657975093,157.08913360211346,395.5792215693566,829.52228031741208,523.43407253722455,923.98388852377207,565.43642077409015,270.41158919975572,847.55365320465194,667.77457679141469,444.67257041936142,967.73493013389759,251.00383737010497,180.71467644909751,637.42480019305447,14.450913134001425,945.91549257055476,574.08349248674529,818.20656724121886,254.73059567736934,402.43622629324977,459.05397315906629,414.67378861071614,43.910457151595487,874.49587240671929,270.91793059366563,400.50620122033297,407.37413306136,596.85058945530716,274.53703560718094,375.40047212232525,329.78555224369143,881.10387075739152,555.62290760001929,43.978312194757564,872.24767103279896,188.68387241024092,636.10458783505987,643.99944193260797,341.80028928228484,234.18475036650608,349.52333545183092,499.46488072115449,263.23818625471569,405.43853184220416,6.3659725051710829,648.11913229823563,486.13157995148583,842.79550023502247,621.45032112951299,546.76965150816613,485.59813935376883,636.99444511029606,140.35700552609592,734.70484356570182,940.23819600361003,533.25560232995178,838.76100405347142,545.06988620594359,277.78546262572274,817.27755221742245,171.08525694365511,763.71306466595138,584.27148472307636,799.40981144601665,307.62633023769047,84.131792711629501,144.0109413414516,739.91625512572489,672.083415924208,383.80975352137898,55.052165994538939,458.90353302181853,839.7471040563222,98.943932451059865,750.034539783166,373.44935189065416,793.19008887974087,662.97405957145236,420.39047791349208,718.25996835139949,579.418951371096,197.73483073046469,205.54990538356179,-30.244105937777746,-52.979631932122487,24.040765197641072,-72.349567364046578,47.86204645344511,-68.568519537983605,-80.400636061908742,47.96375396909238,32.592073269117257,-74.870531316113144,-84.516322630024874,5.9091429348219151,-43.81646591839268,23.65209154496867,0.65674470585237543,-4.4027303781030831,-10.298188299593706,71.432497782617446,74.308504087011229,-1.5264183354048484,75.923835354448272,-41.225591688780945,-84.488804755788578,-57.944698533782763,30.061916018765039,-82.620047360079525,-26.835228970604405,49.493863456433317,42.554127168364076,-16.882145691353543,-2.5559341637083368,48.986848632215704,77.014571400411484,-26.623020305404374,4.8376351823720123,-17.38456094787086,29.084997724650531,83.599415710097887,-14.821912715317008,-62.262219094751707,-49.331665972088516,46.235567807180608,5.9201645662155009,-8.8009211882909515,-25.671766642024508,-5.7324985486587794,-7.9712300918902859,28.817444245076917,-79.750722448806428,-18.676242513579133,1.4093219407576871,60.87987866555904,35.266227856186745,26.900840131137564,-0.74158093268067637,-34.818251433826404,75.45967401464884,23.381000838798748,52.496668310680853,-78.209600651906214,-36.752731764560117,-34.415405404014408,16.356615069765269,83.194197354026471,42.139941061501034,-70.001086425726058,39.856602412433297,-9.7896943297047976,-68.531191472715491,-63.485634297577533,53.214771990430172,22.602098547934411,-15.258607140088381,-83.996642054358773,-0.12890108781323625,-11.456395890431489,-37.071294995488763,-2.6611148357614596,69.743808448893759,1.9005808078098974,31.605124533510633,47.958399490204783,-0.86979430585363282,-52.930979201027512,39.144301445566597,-32.098376154987655,-27.174493276948155,36.108885728000445,-32.182222557921101,-68.247249597586546,-6.7966101826079024,-60.923989688783713,-9.6049189009475722,49.527507489488954,-58.111136670939416,-80.49365205970409,37.378081332836246,46.293446629834946,29.381255258761229,48.850740023806374
1600,-18700,2.060983026644621,961.50771210760092,221.89878419355168,232.55171798879383,380.73676051960001,810.52365512862025,92.368825967940097,479.65387142507274,381.68088547752029,373.26317747983501,612.36344703601378,130.95436905203928,618.64933974128019,353.71837236085605,78.852230953269299,337.74048434843496,497.23028506903853,513.087663738591,493.2217567312756,111.73117265983545,501.05257790680901,492.58694653432838,921.30247432627243,623.90642833044228,265.13686228103916,870.8874136743475,967.31643106597915,412.23930933509826,893.35228335171314,203.8348125146214,913.45018018771555,600.28069029193421,232.55241190168181,776.34498075813508,575.16514118282021,929.24081148699327,537.00288391188417,592.30993177997118,403.22161355143771,452.21349069685238,678.19355756267191,898.4601322485023,254.61761273647721,397.89938041027403,394.58638648280862,597.61281201106272,385.37719730346168,196.5681887497272,704.96781462962235,429.86894969799908,15.453853616214239,195.35134839859651,234.04895424637701,18.175371985901233,336.67445412740642,886.47616258632365,286.5027229194626,231.09577223789751,923.92739919224493,970.81038589068805,9.6257626631251654,734.00946370670499,11.497279378881046,652.773561919754,496.09863732696761,261.4342500744508,810.62111625194257,935.7326751602692,531.46566608982528,139.80817730972416,185.89351364315849,766.56168177162363,631.30340670984151,62.576046498411898,227.66945175355099,202.43713665404508,269.00088773491586,155.48056787329784,670.81476601028896,777.44864631560768,634.52340408114969,57.166918286735665,289.69321138785557,202.49639652097073,198.40381412206855,709.43185819776181,659.28823062814286,418.99867034078119,168.49807234910188,480.93697233099448,442.47980372713874,776.2453960266356,742.3852247783675,874.158132824836,782.58370959214687,791.84642954723813,842.16929068349873,679.53278205664617,610.11201257618848,213.68229629511652,207.12248514533866,-9.5885108503262906,-49.783109786370886,30.89380996805362,-34.218044930114985,42.364630037439127,-71.115755948548426,29.022810551615784,54.519213215137619,-29.611913196948986,-68.61204166605711,-57.240620960055182,6.363063799644034,-13.141969421893236,75.502498857410174,30.864008015911992,-4.9742311540029931,-10.661637159315788,-48.831758498846412,-8.784853621587196,77.101323470871975,17.776837596154913,-42.755693990834622,47.626277184933137,-26.842982266093493,57.098267826466895,-80.204461288926041,-27.80144164202482,38.694709936308897,-17.698976644702459,-18.222261352804576,54.212955314913827,-14.371461449868704,16.093051397071928,50.13280928837834,4.9649967484434869,8.800701618616575,29.587829348069576,29.308618587563949,79.155658897396989,-65.616902613378812,-47.382548316204286,10.724066664061233,4.9664373559469652,82.040703923392343,-48.926061717201051,-9.0334964188570428,-3.8695062617415736,78.738740171358018,-76.543210174938608,-13.64155071434714,-6.5750868630330421,59.330215277994867,34.161733664254868,-81.428289125643829,13.231578153609895,22.200384352863281,19.565692548990235,27.686201300425786,52.565064079014022,55.959465834157342,38.086335442935543,-79.323690016747747,-55.092363889878662,37.196446128374689,-76.614851079941445,-65.714717404142192,-25.874725902977112,34.924875803304481,-68.970988506748881,-61.982012181144235,62.618481840452453,35.361142970987316,-11.220019002034803,-84.712604890935779,0.57506997100718382,-7.5039328139059052,-36.425091571997029,-59.259963111975146,81.559803093757637,31.674921323901465,31.613384784177949,51.759869890332439,78.709550156754389,-69.73094883521631,38.12212568605527,-82.77554237736598,68.889097332265408,69.98919208621929,46.56309144389688,-67.780683304781917,-5.5912596725157151,20.323475940061346,74.261570254374064,49.712913437997742,68.359816839336517,10.221814896408103,31.299496319784755,-12.101737889988812,28.646005830072717,18.654132358317497
13500,-63100,2.0332661292604195,987.16021747539844,10.002487634823638,220.47874396856616,50.002410470471609,270.93867429630268,107.39246738928824,762.95682095211919,321.30772161169779,368.97450966697102,604.4314403280257,104.97450435120322,267.21145339631346,309.90908536681911,69.774160916000397,87.40452809136498,531.77159370740731,724.57317512172381,62.345536795534365,396.21556128510372,829.53195701236336,737.04050856063066,215.74454727686498,196.91806789156934,262.07622153228789,845.21171187200696,968.08388355417924,445.98470205650239,645.8000798250971,688.92641805492462,718.04094703991746,374.71113223396333,126.89895382783484,940.4894758007681,550.24679295067904,818.14146183559785,541.51373571486636,915.13948236046269,465.6490483641399,414.90881217084154,41.216451516562046,449.57538164506889,270.74155892518485,653.6791454886768,739.40488615830247,597.73929658072348,272.28041845306484,367.36865477107256,184.37582457210942,852.64845377474501,594.79275038543619,36.580905312737514,227.93203901094694,191.45468319921429,633.23650776991974,630.53916896277087,639.60021554456603,242.46841412391808,66.397570417949538,489.66615297824751,270.84085658577214,167.83211730127167,528.72512513640049,850.20078198831993,486.27686124397172,849.88116744164302,650.52213884397111,537.66501530522851,535.16978356601589,773.36396409547433,169.532674851298,729.31486411989511,596.24586700179691,523.74020601813038,834.41120165321252,530.79629605807179,277.67407276498875,818.93432194110017,183.45356782787798,628.65057020072277,67.045673317403271,802.2816853338669,55.381912765233182,733.62223455378614,140.87981229927237,770.3331001516267,635.71233617899679,395.67931023588682,773.42380983453904,330.72518004071873,841.93432771445543,99.03067657471685,753.48525506501562,744.33317701909755,794.61393624638572,639.12189506674542,386.06939741438651,717.60633551802198,608.10633519172507,186.12161919073014,205.39164918384301,-30.818746876616736,-53.342723018906455,-14.79556464972989,-60.15377309500073,43.019671854188573,41.235891941719622,-39.91603338536467,-26.266877816350867,23.199154857400885,31.427156912616081,-49.601068981414492,5.9179002931888851,-43.053533414565692,85,-13.219837118429833,-4.0105907825562639,-11.523664485544325,71.622360118658861,82.954313160710896,-75.506850303054961,74.103179475959607,-40.693304863782103,-68.321756071400841,-54.995297128417675,29.862076716697104,-76.785388742924155,54.865078823589847,42.932652441569942,42.92034324156181,-19.615148656865397,-0.40492491856395363,59.012608198158738,16.130179254193184,35.249471826535625,3.1791705429258039,-17.224959113782877,29.052552828424229,80.518680956893519,-15.641758803846878,-24.740568218725727,-49.33352899252214,46.209647621349397,5.9761460215876401,-8.9162562451660943,-25.791343396246408,-5.7563557608711298,-7.9559248969554304,30.302806124314316,-78.181025277135234,-20.911250024079404,-6.5005414891391471,60.94053851836459,34.521988225554253,-75.976230052638343,1.638446921243939,18.870643138904878,81.561572113237261,23.863946270605535,52.476466161094699,66.755006131049697,57.495802427937534,-13.679244508798451,-49.747325414154908,64.578546186146639,-74.546586242385587,-71.671457211362082,-24.260498368995147,-8.0483783635187187,-68.694888152848478,-59.319848265072991,51.992612465181082,-72.32603431614524,-68.959972106813865,-83.42141818563455,-0.08377904015143578,-10.153257978500477,-35.200939331611451,14.799614075471426,69.769465161521623,1.4422235987940972,31.515706654768206,49.364479008796437,2.8296261371210019,-51.690533116308075,36.153058231260189,8.5179560526045286,-22.907123778822331,67.725678683175033,-28.862802563000184,-73.180686909615886,-4.459966082869455,-60.928258698726957,19.044603296942228,49.414887533221282,79.79657324831517,-80.548262136971786,41.500368109667072,-49.046110896335243,28.335888347646698,48.695979277841502
12100,-61900,2.0034285337957924,1000,4.7533447136641485,307.80197615161148,62.960639630992787,268.27398874897585,134.61753687037705,782.68176082944854,338.49528743207901,480.75463240539347,607.96699137685141,388.50275480495304,303.34836878584235,8.1562061620116708,619.8936775331922,88.964833464947006,555.3823112504092,562.18207455497554,157.87208143583291,389.63707007910944,48.122408712629237,523.93539506251818,936.27351262579418,565.76344609453588,270.5432115761385,863.46338088747643,659.99454720888366,410.26870400851044,846.84143752047089,685.70837896591024,493.88132643756205,395.58950943557818,11.530454839266845,945.69892106409964,563.42052129013246,927.4174115525916,537.13965408408126,921.89177165720173,987.8289258627824,414.31259784269173,654.74484944859728,873.65217910251738,261.4786984881037,761.41069561765005,406.55295284004546,596.4909309650393,252.43434518551499,376.94423208333075,319.14321986566887,390.20703280036446,555.79182390476012,47.099441130237587,211.91729268499154,86.612840489367557,636.98520942034907,638.00478331529405,340.0570015577855,191.28598453932284,343.70026692647417,951.71765284567141,20.032779054284944,406.2136019944441,11.5338263633063,642.82555904571154,474.32241978886879,857.54623121777036,619.09436269650803,553.14609095328649,485.53205722237897,648.74385431577684,157.82642638453237,734.63426256888386,920.92972567235279,537.29248504103157,810.49374202476224,568.40420046961276,258.49231530839393,817.88907400648463,627.03298971011839,655.6172334460208,551.6792866895596,798.75637130991379,306.54809117141667,77.585829156383497,226.00620950425605,728.0321543781339,629.95808118096011,398.77326090909992,181.63994215387848,453.92983985264516,837.70285535448431,726.81099820677798,750.01357115325118,351.69326029255251,783.14207348610705,668.36879692711352,459.43348503148843,718.27627455127219,606.52024321940678,728.61640846904288,205.78409593440477,-29.549354795524078,-52.988267769314952,22.848877927290062,-71.950291888341852,49.18390270156398,44.589783469374019,-80.374306914638993,54.990737630478925,-30.03996303391266,-74.357079175355366,-84.678453549128989,5.9213781360344742,-43.816407576145181,23.44425714429509,3.3915386149022488,-2.917043001018861,-8.3076755096727783,71.406544655073589,74.370470485403828,-2.6382273311192357,74.959416838382765,-41.680004597550862,-83.497110508353899,-57.369076172604522,30.524049978177313,-75.771707370730866,-26.830874850829986,35.038202923033637,42.561793724970201,-16.742704722999555,-0.088844062976228599,58.566841878506061,71.406705416484328,37.047128115114219,10.508693575416025,14.573164442836163,29.08640700285509,83.34331273036338,-14.298989474795739,-67.571096168458439,-49.378427874347423,44.835048928650892,4.6198231576004316,-3.7926952634369044,-47.846976069998604,-6.4867843633566018,54.04411355673605,-66.029322905167163,-77.771427262655223,49.836869676259582,-6.234666718905939,60.879851077352839,35.292791160436721,21.946316363322087,13.524033377482647,-35.52707885039765,75.510739925829057,27.522445287063846,51.293925886483692,69.415355499003823,39.277519874026552,-34.047617898428271,-54.144261504565783,83.588730269783014,51.865572150580739,-69.970535141926717,-24.133537097904501,-8.9094068202719274,-68.515867522095334,-59.008486521736948,59.056747087322833,-38.244208343467193,-14.107282681061214,-84.193424738103715,1.2461473620504186,-14.099123193992252,-35.343169007332541,-3.701275498062774,81.196504209894073,30.524718165199605,73.058066649367802,48.041936681644358,-18.36635822426582,-7.4609717895454253,38.680070634998259,-31.716463796015681,-23.243191194201327,28.743723912291841,49.211906793553084,-69.092654723996901,-7.0069281115147817,-55.627746968102102,-10.6403338905845,80.143790507085839,-58.100481293072406,-81.068021758272863,37.316054583321979,-45.220954330243963,29.05714930699547,48.318179709504747
9600,-59700,2.0224459407630637,954.30979523527162,226.70372154991253,221.74819523228723,75.353141853035282,151.01919704965798,133.66910688931529,792.64054963092133,203.17007425796368,482.88847595834113,603.08891593714861,97.773987878150805,126.91249515080489,52.390942678483157,279.43385470527392,81.036063839634892,1000,492.13265154325711,62.478609880908756,142.72657168802169,829.18199784608976,507.20346548350904,912.39700133906615,567.23028419510774,338.44226608451703,847.24814545748927,123.60249964859223,411.18476208583576,37.343653250390474,891.82002450285825,130.0984426149146,260.94852361784069,858.21675251072134,933.13488697008938,872.08265058330687,537.4815033622092,245.35031117164553,276.83195995485164,1000,119.75521343642887,494.00102719764448,819.44963025428115,701.61397703962484,378.62092602382711,752.70900627149217,596.22114156068778,385.63562368071848,184.51246726289574,320.32217772878153,176.16021626963112,213.5839394184662,22.537746041275767,216.89780027842778,933.18229230418297,655.52895798362613,359.7069962490952,733.99314505491282,429.66321425284735,36.929145589704348,511.94124000805721,664.02876061387997,724.57959971848049,33.483911536983328,710.58912085245242,376.91587749638023,813.72693009159468,867.98559627935947,0.34030319451898094,483.25420145421509,640.28563015415818,145.37558957617935,777.68325397401566,904.46743987130151,547.18518533202609,832.96120855008621,221.90501462591436,20.38582786860772,818.61181553505196,172.64966511036852,643.69579352532548,61.8102022646991,799.40769911715222,306.19144929848886,276.80515875144755,640.88184498865576,741.60528919577882,667.98369082580132,378.99709705705476,758.36091953684797,314.57075121201353,324.57827782373749,464.72468486527833,720.43936321440299,766.91612238688435,371.55187087700818,803.50936889451748,412.03397342889963,714.14855804721128,567.71967604169436,337.01345298870427,52.591064076686934,-31.229894242115357,-43.633444328156585,-32.648404364324207,-33.714219658326108,42.084160004839198,-82.123145769732304,-8.1176680041986984,53.052521109267104,-33.838169437236033,-69.744681001589854,-67.828404374450471,23.811147072590288,-43.490052790071772,21.726162545120381,-52.7872994677669,-60.359159110647852,-11.247491961268075,67.547456004692677,73.617871492984065,0.33678346453171315,-48.804992519110556,11.457584444182169,29.85454798537922,-53.84323341260432,32.061251459030665,-71.872967018342138,-26.71640683695993,-16.163463020658725,-54.660373351154455,-18.531180725333179,-3.397577837831284,59.245410503380484,14.928669469002777,52.868898361910254,3.4149976884592745,-21.274086427555787,28.232970716535483,82.592918533615844,82.473067584128046,-61.797386626878989,-50.333633367868543,46.541394027985589,5.0090690225796894,-8.8499940218989064,-25.558386595244205,0.14029836783803162,-7.8184167141477214,-54.803427700563375,38.155973976894209,16.292073194232167,-6.7482210982871536,59.188070171758341,35.299122574446017,-83.826022014513455,-1.1172985347733613,17.567364020450121,-15.849859822622101,59.666507013261821,52.593058836739004,-83.651957632245939,64.768945204934724,-41.847650547954771,-49.041488348236051,-27.174385131131828,41.231286371242142,-69.58292146785962,34.430251594297602,39.502496494287833,-68.727687541898177,-0.95156328876580432,-12.898072556025802,27.967132657053696,-23.777868597333207,-83.928524203393678,-18.412910074502722,-8.826402649740567,-34.375588856428209,-3.8793044586146666,84.626248819363909,2.4824435564677252,30.754215670855167,82.294209451254289,52.970338057613482,-52.968430696594908,38.974607991490657,-6.4517578265133384,-27.438099993004148,66.087594574960491,-30.560634911255107,28.90192544603137,-5.9089923105513034,33.472880957316974,85,49.55332481546084,41.505317339630807,-81.872422449148871,38.082730863713046,-8.0521372392270223,27.613826025042187,-80.811966832697522
7300,-56100,2.0002451496474101,1000,217.60601799517812,345.13353878352098,382.88591181607069,261.83426956620127,134.10373779026654,242.95345173840775,106.66161026157107,375.80956036255867,603.25649149536525,104.59351284504137,300.07661791848886,284.26149999213948,38.356062603949056,84.168755755517395,499.06903728784465,722.73098900163507,157.13768924545923,410.57088110029053,829.54544109611902,524.06584995314506,922.99667168341898,33.993630258301437,265.13657543519417,862.0677002781058,1000,446.95807647769669,977.21320250619362,191.71821461111307,907.36727148343664,610.54423341227869,16.422242636983228,953.25700819447354,573.17019893458928,554.12991504433467,545.34925102277748,402.30077447327932,458.61224534775675,414.33968759745375,18.9787963821591,874.48347747794946,269.91126532450636,703.98341721698864,375.47714830729035,596.85743202695119,389.99603083129864,194.08926539893753,74.353976496173544,361.93880413413177,560.61699236367076,384.57069318600475,870.83239601813898,188.76663499854476,602.74807542680014,869.74698179320364,650.58239115930576,218.65078865452969,880.85424972367559,1000,268.2998035940783,406.12098358605397,925.77246958650494,671.51817231931045,487.07923875550489,178.97004505319251,621.7184762259692,72.00934277596258,514.60704913389179,627.88144374289448,137.87505741573355,734.76197192187669,941.00966397043362,533.13290974522249,239.37440509945094,153.98332656603671,289.46406213488581,820.98048353246463,163.14690763196177,765.11605226162203,607.61803816345844,799.4833971650113,307.46223802949271,83.976558088716359,193.28287590024593,781.37561376085921,672.20140279047439,383.80967909653651,529.72353726583106,479.46169238664561,839.91822661415995,107.4649571017074,750.02938124464549,374.76248340245581,338.94494798504934,665.40664625001421,442.48632715392029,935.58306338359591,579.43351076566512,197.26145863800534,55.017237528923445,-30.416031946305338,-49.733335842309238,31.691804679516292,-71.868702895622405,47.830134080793997,5.7378003229732499,-42.953332811717061,57.128011038692129,-28.999575634630496,-68.357662723844399,62.784913714748278,5.839792748664185,-44.134054584979012,76.80129185018238,-2.3559621732534111,-4.0232186163929704,-10.344122019515675,81.135902071523304,-10.850436382495602,80.272966672768717,74.101122479601372,-41.418199255863385,50.217824937079527,-58.148443995834441,0.48282528809525438,-80.27334160267722,-25.718200425664122,-44.51020206383221,43.530558075905475,-16.922269996913137,-0.31557721761706925,49.366487535499061,78.240831653005074,57.763835281328006,-10.897204548450631,-17.369345051605137,23.583292654388064,85,85,-65.78487981303644,-49.268383184571,46.232148012036113,5.8956750391160568,-8.7468714170429678,-25.691699997215764,-4.8450830562666631,-9.4827774050977531,77.508745099299674,-82.110642875872031,-16.781206737154573,1.3289652514990342,59.25025627479188,35.928157575214485,26.841596700655675,-0.69019868721052369,-36.104223194758077,21.783092180144635,-30.360510708345544,58.29092734529862,58.236942832003464,-23.596193634870794,-78.695362658435897,14.859567804269851,82.48876292678203,-75.473016653037746,-64.996157399489846,38.157258497472625,-9.0005857125055311,-68.578482363414508,-62.519256584479656,-17.953576560826647,21.447316644529252,-17.901698686354077,-84.006753926745674,-0.52994262286483718,-11.934842221537407,-36.978131753614392,-3.3005124432194801,69.268456649053434,2.7387481690449933,29.836939160888964,46.170837528210029,-2.6222162483901457,44.891366241359904,39.204737413342855,-30.515090329889215,-41.952095963354388,20.076566109810972,-32.066734063330998,-68.429264228173778,-3.3762554475471136,-64.778412823453053,31.665917982073669,49.559296861127535,68.224122996997508,-72.801359903939925,37.383718965315254,-11.902369307605824,29.368364922136688,51.265632091686101
55000,-68200,2.001842039520648,263.22494352175153,5.4133337289307804,310.02592681289354,389.04023175261892,811.18817503626838,134.13338537962446,534.33809073686245,354.61048040950067,369.32336478135335,602.93229250486797,130.34625926426435,667.15291180812142,61.643661406191882,285.28562320594801,37.20002833627801,996.50662792021512,706.69934828069017,61.521582589028242,133.95171406099587,540.84292371869469,316.51095751737085,918.35302264075972,559.24187027695859,261.67808272835498,847.50370543829501,169.44434143619139,440.43515654138986,869.26730920471664,205.03765930725694,163.96128119637964,634.96620426221898,268.89064883010764,180.76971816566891,354.16385487008102,918.05111291065612,547.31051029349237,396.78541981179711,967.88825790457781,132.41006364802993,714.38168027742176,905.47474890078217,304.7217801605043,522.4610040815578,393.85557259123294,597.63203292547303,383.49193028646584,181.41279076290172,119.10163499969164,176.69705603438075,214.73061268979569,46.472023294352013,277.2136577620771,898.61737253949673,651.44594410860975,867.6999345962106,581.72522031509186,415.98766489329648,830.73115777467183,976.52088891309234,651.99219946525523,750.7919278132282,5.3640170032418268,658.7553507360708,256.43853979347318,180.31619695458312,923.46165637597664,964.63085769862619,481.15254006068392,640.28294567269302,145.93980683490216,840.20220329386893,545.02799874492234,530.45363060098987,831.5364964348887,227.64727870231661,185.28917445371047,819.03888322717478,175.13944626603137,643.24574913541153,65.374089287486726,829.49848765878914,303.55769726873842,276.65125923714646,173.10685637353137,742.49883776251215,630.39680592230548,379.03583433243949,180.29402550343463,476.96239978781722,292.57266609348164,506.99930194575421,723.02044269843361,28.452255492452196,879.03467448992535,802.2719926676499,451.55336101336729,717.63949636731491,580.71786528018458,338.10970887434905,52.738289987706224,-31.091345964872811,-55.29638499538396,-24.818284110556426,-33.678554793118437,49.246630965425013,-82.942939863389341,-77.454798215767028,-51.311118195077313,43.990806439458495,-69.445128640736357,-78.102618859160998,6.3449296778056867,-39.433033037073216,17.875896529322411,30.700085107106972,-3.3782125971168786,-11.220983511327113,67.551804740267642,73.560324942536838,-0.50009112260529598,64.63898418832116,-43.058937592940893,-81.414040810471519,-27.514404813024239,59.555670002162756,11.346098500031054,-22.526021039430159,-34.888513140012606,-46.900962046795328,-18.569747758692767,-3.3615416988714735,-14.414351442554839,77.320694025995238,49.743984302775672,4.7896039834183233,-21.705271049272202,52.436716612621787,82.47496609987401,85,-61.611187692119046,-50.848707069629057,46.805377728077275,7.3888357017140169,-10.666379242739708,-26.227398512540443,-11.898736045013401,-1.5618307369937918,-55.649895571149614,-81.235087642748027,15.565384980350684,23.718756640438471,60.972651599084685,35.312100404872595,-82.800147074387382,-1.2179047450769638,-51.089862285956968,75.726061576255304,26.997981947256754,52.587474174765774,19.956296446678952,37.736215241867782,-41.641041478987063,-58.075000338261802,-36.415071689060262,-78.132016998595546,-32.19496146379084,-20.32890138227474,34.983391312995828,-68.477152675721641,-63.764936871937607,67.327677674884129,23.303002305896428,-21.873971207326655,-28.926900702868625,-1.3765280747216497,-12.519437101355319,-37.018245391807909,-61.939924857408585,81.352891543939251,1.2867532030435687,29.906181114462452,-82.20372141231168,82.178475305084419,-50.359053964455832,37.286809590915738,-84.448125167800939,-27.724183078322838,20.333468801461269,-30.473149265662613,-0.36034680794400487,-1.0748489510327062,-54.15607195792326,-9.8822732827178683,49.192031524625939,67.102957768455468,-79.888189272815168,37.636308969079131,72.254682007787764,30.063558520749304,-79.398963542154789
56700,-68600,2.0055882929751028,231.89274953042997,4.0964699728391381,302.41517068307098,59.556842891092401,263.59766518618619,106.32387884674608,548.37334909514993,328.72995344222994,375.86844938812692,603.18348389232131,108.60810722955557,374.17113925504492,40.869197238447079,282.52692225202151,84.673686034278973,574.41271457218409,516.47171690330151,67.600676998428767,390.03843102627627,827.72610166063748,510.17358926275381,919.58595954683506,581.66900220685523,262.02678902488486,845.42766566005798,162.67649235024066,407.14509449888629,382.26746977789355,861.51160370198659,128.565319970818,394.75469768771995,834.55455289313318,873.69950490679275,861.51033180163722,827.28028552180638,539.17254753335453,391.24312680001196,486.46558133441238,458.74223826839989,501.75481536157668,805.97692706816076,270.9830525579257,654.38798899712515,387.39172258061222,595.27749100925405,394.9595216950031,181.43817364555636,324.48675214331274,169.52082110016971,212.90612912839123,34.466478627065896,805.08045803706909,189.41923554505331,659.01356066634287,874.79228408537824,661.78464916413679,415.92185141536896,47.8772091325215,965.88383215237593,639.13672091931596,436.50923762140621,7.9560161108414666,678.6644184609861,262.07414720563213,806.27144926380049,910.0438249360044,964.03200917602055,532.46951897140536,640.09950312916033,163.70062840275349,718.57746793391959,539.21744383427631,530.85285145228022,831.70143031133352,522.79484058315177,275.70305637587091,822.1942193708951,171.11188873100642,638.27532304531144,65.274698041837212,796.39066334510198,302.27406288624661,283.16565613107736,151.34566909518429,842.06561664847993,681.46561995051252,378.86198841677327,753.34218671117856,457.87088908481405,452.09423450944246,456.13588411933495,722.99400657518743,29.324036259503941,891.10468098072317,809.62620734372661,412.31515443337781,717.27449480436439,579.15180108185064,340.23626097917918,52.688640099166356,-31.083235662735799,-54.943106420680991,19.824428754483634,-33.670852802079885,50.143893092165641,-64.594347466901581,-75.320416900824881,-55.846257535428904,-31.684683470116447,15.779320899921537,-81.182982050227878,6.7858313336348264,-43.515825858598326,21.557005560430447,-51.274389976886944,-6.2322311078528472,-13.311153514804481,67.584355880672874,73.829864843766856,1.5118396910913283,74.059901537561771,11.406029145062252,-77.954858516854799,-26.091436165639895,31.083107114708586,1.6025742390730784,-22.552670070528855,-31.65665580062501,-52.796919662399546,-17.070506504573515,0.69354953892062365,-9.3621521381667314,77.043155981808056,10.947914656482979,3.0073786689668021,-20.957382878265307,22.728311296941712,82.072956304408706,84.495505081236871,-61.695089443522427,-47.877531300037795,46.478037418250068,4.9638161948462303,-8.9880683226769218,-25.683589708323638,-69.778099602361436,-6.3642128165512517,24.668781238298983,-14.61328034012066,18.919208091992157,-6.3697430441721279,61.260643409159094,36.011227013173794,-79.957868406447929,9.8784606719301475,16.200526114337919,-21.757571460218358,27.857909177900364,52.382167499205011,-83.763388135656854,60.225522633845515,-12.473786899369616,-49.611379372948079,1.618943346775179,-78.133608203016337,-32.468177447523701,76.044918017463402,39.534060855373042,-68.618621064568401,-63.648061293593585,-10.725554359366058,-72.279435896106676,-20.846166780829556,-84.879364223990919,-18.41607381844107,-8.7539578847734933,-34.298452833776921,-4.1606714056554948,84.072146572905666,51.266106633904691,31.546056499020597,75.777488714573522,-29.75357861846901,-52.297007230894309,39.715895367540561,-35.000206573004007,-27.271847657957977,69.459784875963521,-48.017324915841257,-72.303757364007666,-4.7948244817287105,-62.236117687753378,30.305580096621739,48.856642518907904,79.79661104092726,-80.525694789535223,37.036402403412104,73.842932980707332,27.779915457140284,-80.524325806601439
1900,-21200,2.0579639720746226,969.78247632070725,881.61618769381028,301.438149104427,50.938968394468468,783.97320715992441,695.02344450616999,445.65508209940134,98.572301917117414,494.15555774258257,554.88694193875529,489.03234863251606,302.8906043568926,309.35339585599007,615.96496293111079,105.71268555531356,532.3013022621052,718.54600179919123,228.7886221286131,424.05008187519576,912.45110468113648,340.19679406264549,899.71508796987882,10.197521194711953,576.95198586328047,455.42824349196906,44.918488149039433,455.4379285601787,840.47336844807728,264.79499411079138,500.88745495226453,639.32402556686452,60.188827821297807,145.10741935032945,573.26711491860283,931.87850856876719,528.65307006495868,400.14351618378396,1000,469.7744747145062,639.0900880304614,454.80096625239003,262.18982712985922,125.18505795736451,746.02200255680316,596.72894370608265,252.79692530469566,393.370225609241,98.569137443477587,871.60700765391357,549.42990920882005,46.847717275091348,233.72926856029409,84.202727941976576,630.05275188884161,346.562986383164,324.4459200381674,187.40804199520386,355.50819133168477,422.40788009476825,128.91665101303633,419.22087267201817,11.712172650971118,831.64540652237827,485.77984815314312,76.780613052780751,914.30731808887811,278.90999119633761,153.93158841711534,133.51515222454208,524.90423821135016,744.14679189603316,166.47628935063588,702.89844958466585,820.36835408011962,546.25242873670868,257.92035318126824,826.53368763184596,616.65110229036361,760.85561175352052,18.866677448036,795.76255257875732,290.25527160458796,259.04877851806941,171.77256035533051,764.73465036928155,673.38309239465661,378.00434572678239,346.67792463137448,57.989633394672666,898.7416938514998,136.90700017236611,135.65221781270156,784.19577257808874,790.12033508069067,642.61029174005546,459.41988677456339,711.70735553009263,604.66799873451203,182.75737099904808,210.04542319389182,-19.434796018337007,-53.316071955415225,-15.198168235995444,-59.923457566734385,-23.732027695064932,43.767942526944054,-41.979617411219394,55.23949655146626,-29.258024907393786,-74.365898386040215,-60.354358209788728,20.760413793963057,-43.851268136140845,84.419599896993162,34.428589036550278,-69.591392164228878,36.721947311963291,70.431459329366319,-7.4003661805749275,15.926385355754412,-49.34743163672627,10.996540557763096,47.421489364189952,-27.676407162287937,56.85259946489662,-75.21321227523616,-27.407422692116686,34.113612052090119,44.81949197356451,8.0040015588487581,-0.20557854703313866,58.930797151049454,19.059955918564608,38.909621386040101,-0.13726764973182526,-18.560739792401598,30.363029175056511,84.459242135747274,85,-67.497765183846795,-75.233337026711482,-0.26407860783254478,5.9796839242790716,78.973024037983549,-45.944596101004556,-54.267201488188533,-27.592712237700582,38.972811891487872,-83.577863385243688,51.217812293322787,-6.2214963720625507,60.603312664953705,36.90295044840839,22.176361873592271,-77.883863213646549,19.399666184991499,-24.349058923961174,27.825573006952283,52.344852132037595,64.516905476418529,-37.712429701264547,-46.50850975012191,-54.749040813524203,38.355154053758802,51.678327012763461,-64.973362469578277,-28.040368366954699,-8.5789811484647878,-68.329877451794459,-59.097803576198835,-8.6918756077984298,21.150744211470339,-18.291080757141295,-29.983653810303217,1.0866421016026671,65.375013946506016,-35.324477058908727,34.180602933529578,-48.636754917538511,42.609223825071851,31.031402303158874,3.3849970019238675,-18.464335305715565,-3.5420935226200552,54.313443720061315,-7.884829061814699,65.278515694996116,28.648192858543631,46.839002911748544,23.091677434804833,-22.7495477984031,22.048607408789731,77.235901801249781,81.128562697686007,46.377284307555364,-82.619351960934949,-82.983896793541305,-46.646280028911363,27.603642966202855,82.142727622923303
10000,-60100,2.0226035779885057,950.05015374907634,223.62906130663765,233.67324631172335,355.32210620699072,153.60618976373812,87.043899327203405,797.79032185735196,204.18477786263645,470.1482084393877,604.43590265080547,537.23563299074885,127.27145268964625,114.92163909311842,608.43136307580448,343.26128917830511,984.94340951270715,719.11340055949086,63.101294668348295,867.62716413396845,479.45231252686227,582.28480205788014,940.02840079617761,561.46506092505183,260.85259494422348,843.01237993589075,127.08783135647241,408.51772512442409,79.629561098708223,238.66662607212362,130.76035525257353,244.74012604542474,881.05255643553392,406.73140747440596,362.10436433050353,530.22909473718835,517.43146295364352,409.22572844526849,1000,474.1827251611773,40.473340167289734,454.94352777198878,280.40106793843529,653.80718417537719,405.28282296083563,593.71136750519861,383.73830717184688,381.21399000732345,321.4239821381932,92.718757204382939,75.247886130813413,343.38935572289427,233.29998418123625,190.44759898245155,657.6966781027902,344.2176484455436,565.90041520131376,864.56053222467494,885.3365518173182,522.13029253231366,644.87781883135119,418.89981051282132,871.8257684836517,113.55653222126446,370.68105923326436,223.98160937634486,656.61077212937471,59.738377527835894,481.10994045808684,642.95650250746746,218.75802643025639,792.96359447435771,146.69589619766089,502.19961031640747,104.72789299864331,513.09263632455179,32.658656202610345,821.79181303696066,295.72641767397204,627.53877284592761,63.146619707862328,785.84149946148477,306.01495125383411,524.75433505425076,667.29398465834561,261.96437918235057,686.96271480898145,382.38873939031726,298.39467032658843,310.91616273174049,807.20792473498011,448.94918002029283,743.69909611039031,854.66534607638346,370.93003165521469,805.51142020902932,867.83625786421169,717.08473769725958,550.06638945100849,198.59659813150432,83.567665087170624,-31.221586284074061,-43.171334116498606,32.85374490687532,-34.857516107031635,41.012586804513923,-69.38635719519533,-77.504579463969733,55.186699267689725,-29.759262395847568,-69.109360436368092,71.080493829605061,5.4217308785452989,-45.06832873367739,77.199830146141664,0.58991588441292464,0.43374622980924116,0.27953447678498033,63.783855833871776,77.446419273445088,33.214232198515106,-54.587463504647445,14.580833106004704,29.401719652224919,-26.802852422088637,-41.45384139520624,-69.464121190911555,-26.926149532799766,-17.870279408551866,-23.312086190699336,-17.124655489887019,-8.9354390913157964,58.889071404867522,16.306893201170713,52.115397724545254,5.8357970507481687,-20.873619554652119,22.022598577148564,24.568632251005749,77.556635163268282,-61.628864927158219,-49.231907908220158,45.738212366582061,4.9608518783721891,-5.5947353103933111,-27.81269558847379,-58.195257158997741,-9.4381549929529651,-61.341540554281387,36.576335406279142,-18.888105674950694,-6.6086326172125158,57.101540545344079,-8.6594181654518607,-83.967766518980397,-1.0105179781847724,17.361546800037477,77.62775894979417,58.126644692186936,52.308643093099057,61.712466120603821,25.852404061080307,-18.742071457436047,-51.025618193856886,-26.924905240338617,-70.813389059002191,-69.585299472331357,-30.262367630971639,34.520030513570703,-68.925824712940809,-7.4766972977510733,-10.779765816943247,25.40984005999362,-20.533482206442152,-26.291804987962259,-16.581333886741803,-40.481542219436321,-52.442808991292686,15.275693473864507,70.106465687601087,50.64262417325935,30.789023169378524,28.500764810612971,82.362755047045169,46.936856869294772,39.067418515983846,-6.448255908417555,45.36168518703338,70.58202151872463,-27.54950870584878,-60.58832314571589,-2.8287601866836516,33.324888475683352,85,48.892873615721022,41.167493481934429,-79.187776553205111,37.64947134375209,-47.978810385911103,30.505522197117955,19.612485167987963
4200,-41400,2.0578814010894537,950.50139535501592,191.60277863914968,244.68816540165008,380.30303287034798,265.22308430139583,684.57708150393091,800.75498351932072,329.93494150243191,474.78145434718482,598.09455597917031,104.95372086605619,290.41729093343179,319.3111595478631,603.29385778342009,62.899326269834674,584.86850979861049,722.15442213497261,225.27542661375361,137.69111898784448,907.68662564076635,338.55778435553725,470.50419115718154,578.15563138157995,266.20375612933833,853.10493346511191,78.459996663025834,431.00731900123003,954.36764860221751,244.59053432689601,926.42006086548258,248.84478294677888,847.0245296426516,164.27249445538777,359.31430370317145,814.44183659038413,517.7715411137973,275.84610586556676,402.9746564796572,413.53934222329121,672.69070842665792,849.27684968029621,713.16477044367014,460.70153615832078,742.23613489443198,586.44217441746775,416.45023551073547,232.09846164614493,96.829291825313348,170.32861988511507,182.24082965831363,396.69464508818754,229.81371671518087,186.24925261431812,658.47089624475393,319.61325011877994,644.17750146749177,488.97436586770499,330.707178942604,501.2118097844218,164.96839917467469,191.9542895048246,925.00612681604343,84.349790512601572,392.1225593736209,184.93337433981304,635.782246756517,41.062545140990437,525.96411901835859,779.98752669732085,500.43315902511813,789.69566621213153,985.8066348015966,699.61976395540614,832.96891777555925,174.58708501247645,287.87971274678034,796.15835814930369,286.90213848608721,609.33438727485077,63.851822070348014,772.6852038441117,93.831557184666906,720.05068757893685,170.45328750563965,963.05531390301906,605.26742076551182,421.40181504490744,727.45657931172241,219.49973236385773,837.44792425935498,79.565209715037213,710.11332396977036,690.3903119917934,365.25947597895043,803.28482660362295,459.49898348429497,723.53560533122584,577.7679320191146,226.17434372844019,222.31129608498577,-20.294645323847675,-45.53021675545331,25.182766916222569,-58.619730793308619,35.120296955369376,50.581952718475733,-42.898590069881536,-15.547915358288876,27.092044415990841,-75.143727150458872,81.1426432788911,21.94921095800672,-43.705547077259446,19.548021348427561,-26.633048943477835,-75.533986828670507,-7.1960220230874556,64.820265722971698,74.301748689693852,71.445814524190439,-50.612524687865189,-44.361566216234174,-80.18604690289655,-28.553748217549142,57.648498723055134,-69.063083200107641,-61.485408242193046,-17.311702472927067,37.591450228305597,-16.800879628537128,-3.0936483140325346,60.663607664117372,77.678216394075179,56.485811948166493,5.7133214391255454,-20.726219968212735,22.444935438700139,20.005542681214571,84.845514236101891,-61.773797158108927,-77.103094114222017,45.538830704239871,5.0047216421448635,44.793976787299528,-25.091129871158202,-56.448275560505039,-9.2364282892167715,-60.522475165994678,-9.8066297554988076,50.790310527150794,-17.539642417753733,64.814171293574816,-21.115858867090569,-84.117534508025372,-1.0352137995015838,-49.397394263734334,25.865393311097844,58.352193157137002,36.404725402439638,-74.168434250066838,41.494301240548872,49.078396230300399,78.946850485375137,36.512056062982126,-75.880295098244588,-70.779365912034592,73.797124754439977,37.694397559807136,-63.797439560534691,0.89735334779202702,57.465277240996642,23.833101251573432,-68.109524930220971,-82.920921756071294,-16.529202617817642,-13.142011594512844,-35.581644517321912,46.063592764765481,79.728845534596957,2.3464802324357792,29.154866293779484,83.509830815813388,52.06371748447711,-1.193758424645889,36.774769376057975,-7.7409057370402898,-28.057736413909034,70.501254411539392,-31.549564276427027,-71.459749737653311,-21.671352656053276,-48.366730100200556,-4.9177661112292856,49.159991040173978,69.748467025867754,-80.19535068950961,37.231736744117974,-11.105873659060254,30.315451835256702,-81.079391711727155
1000,-17100,2.0280603879972809,949.26913480522421,214.30046880068406,309.71291109142896,381.38201320680116,767.12184516837362,471.74548634107964,808.21319361566805,328.09994743413324,367.101061689044,623.52294353592731,489.79580385690474,649.25758229162375,300.1087678904837,92.164679621617339,62.385051839765026,491.3597159787098,577.82821767980931,153.72358062379274,33.962936134162476,485.96647117828456,485.75663126354499,944.04831829359432,624.16363106893721,265.29077111757056,845.71855026209448,987.49504501432239,408.49056382904888,966.27258210984348,248.53208325288512,406.52242580933222,378.95250870319313,785.80780084842104,774.24864901967794,361.03227000140043,815.41954391200522,538.68973256103902,384.28801197361662,383.71200544500857,467.17000407190034,558.03299779371855,451.04279602726365,867.18499136161427,650.21804433222428,389.84311911699547,323.37270963527237,385.07284291116696,386.22327250328613,98.2086000132973,170.64817577534086,543.74947973673147,391.05059744031269,233.99107638842841,18.444968683431398,335.00140247844973,867.67862674927335,564.36771668893459,483.17855030838473,921.80219150069161,879.08605675918261,270.33110612847321,402.26477758051215,23.472733051899461,384.64432548777233,468.61353072429966,771.52779038093979,882.17194031885731,1000,519.30060508864528,681.72582866440098,156.85284349182973,560.27556506531675,964.04066326528084,535.78338634731108,60.493987336573099,526.04030584933105,256.36590419039851,820.86305910381645,159.73914343744426,783.49808553387516,95.735843783945484,812.98861835113723,327.46988807348055,271.1302756912757,198.05954644012627,267.34129134532736,676.76378326476299,382.53346362261652,719.27165634356572,911.60682154663482,440.16885315893279,752.10030104576663,751.17287566744858,10.530225681725142,786.27444970062925,818.66972608995513,135.12182668392541,724.48940702984669,906.40718622664167,700.03728886280715,86.396758126894298,-7.2087878585669944,9.2466127527626014,31.372861003536055,-34.329110976139916,2.9085537559127879,-68.610065679350555,-76.223474025149997,52.342019152406458,-29.63839012736754,-74.379548931288937,64.22169014356551,6.2805938089359197,-33.852937099709166,75.150453250605636,-70.653570113698223,1.8438186051965346,-10.370892076212787,67.124080771551434,74.101847280329054,-3.4575614659721126,76.806474526007236,-0.17740421768240466,-78.85363149460153,-26.945261011666339,60.711886253562696,-79.531571674038929,-22.128019226520809,-66.375600697234105,-23.831167673749334,-17.033022407753464,-0.21155861493948191,58.743817120320436,-17.351632114247664,32.676918091383008,5.7219662108911562,-17.194412309308692,23.098424789461987,73.019696520693671,31.49844291475026,-65.65163960927579,-42.331898538182699,46.34350250826715,5.329843364220368,80.809416064642832,-28.543887157112088,-58.622104114444312,-3.7668818894910268,73.541249596462691,-80.082708307920157,-16.287218793484278,-6.0353056787244412,57.249582437979576,-8.0725272182241916,-82.593773993015873,-0.91984952054515112,27.917152826613602,24.624986341636102,-31.821848666189723,52.411438817739345,-45.692634142766266,25.936762156080931,-81.266617377413922,-10.430404756486876,65.770003404364402,-68.523069974508388,-67.175023743312835,-28.457271803461527,34.815944784114208,-68.948500797806503,-63.263757068080871,57.878991755990569,23.468279073044556,84.141253586498266,-84.481959052046051,-18.071473541582368,-12.588797197309049,-36.292280688884247,-59.298089456842732,72.238401389554539,32.403803561611262,30.096755629306585,29.450709215456733,-32.077313794513074,-5.8809203596889752,39.734636673317198,10.233467762470305,-23.394236400218443,16.77036492868741,44.143871488228072,-60.674538157958679,80.061252073352733,20.029289475567321,21.723365698011243,73.103487608896103,68.386205277830399,-78.835180593444534,37.141994201849492,-47.285770980616491,29.220573368308575,20.475021091286699
